customer_id,age,monthly_income,monthly_expenses,account_balance,transaction_count,credit_card,loan,fixed_deposit,investment_product,digital_usage_pct,tenure_months,complaints,credit_score,monthly_surplus,balance_to_income,customer_value_proxy,customer_segment,recommended_product
C100001,25,129122,79324,1170122,40,1,1,1,0,36,176,0,586,49798,9.06,25993.0,Affluent,Investment / Wealth Product
C100002,55,56571,36828,605450,27,1,1,1,1,33,19,0,499,19743,10.7,11254.0,Mass Retail,Digital Banking Onboarding
C100003,50,79383,57057,503340,34,0,1,1,1,46,82,0,546,22326,6.34,15402.0,Credit Potential,Relationship Deepening
C100004,40,18000,8000,61235,33,0,0,1,0,48,140,0,553,10000,3.4,8845.0,Mass Retail,Relationship Deepening
C100005,40,34412,20917,190567,52,0,0,0,0,86,81,0,549,13495,5.54,11428.0,Mass Retail,Credit Card
C100006,59,55302,32672,863516,36,1,1,1,0,47,88,0,581,22630,15.61,14784.0,Mass Retail,Relationship Deepening
C100007,24,36043,29225,405163,21,0,1,0,1,35,61,2,462,6818,11.24,8850.0,Credit Potential,Relationship Deepening
C100008,52,96284,57458,714989,30,0,1,1,1,76,77,0,542,38826,7.43,17413.0,Digitally Active,Relationship Deepening
C100009,30,194981,113900,2813259,40,1,1,1,0,56,125,1,669,81081,14.43,37876.0,Affluent,Investment / Wealth Product
C100010,25,34030,28283,71320,32,0,0,0,0,10,7,0,534,5747,2.1,7063.0,Mass Retail,Digital Banking Onboarding
C100011,44,41009,23592,218008,36,0,1,1,0,64,144,0,534,17417,5.32,12173.0,Credit Potential,Relationship Deepening
C100012,64,73987,32587,363404,39,0,1,1,1,53,131,0,507,41400,4.91,16027.0,Credit Potential,Relationship Deepening
C100013,54,157670,72285,2798823,32,1,1,0,1,59,27,0,677,85385,17.75,30837.0,Affluent,Fixed Deposit / Savings
C100014,55,33184,13194,431520,29,1,1,0,0,25,139,1,443,19990,13.0,11419.0,Mass Retail,Digital Banking Onboarding
C100015,53,74542,26111,857404,26,0,1,0,0,51,95,2,558,48431,11.5,15859.0,Savings Potential,Fixed Deposit / Savings
C100016,56,176991,100172,191991,51,1,1,0,1,65,59,1,581,76819,1.08,25042.0,Digitally Active,Fixed Deposit / Savings
C100017,44,26204,19250,108309,46,0,1,0,0,68,83,1,445,6954,4.13,9729.0,Credit Potential,Credit Card
C100018,26,32130,23029,379272,28,0,0,0,1,68,94,0,531,9101,11.8,9880.0,Mass Retail,Relationship Deepening
C100019,58,51491,18849,383876,35,0,1,0,1,95,40,0,562,32642,7.46,11185.0,Savings Potential,Fixed Deposit / Savings
C100020,41,48816,30998,815855,31,0,0,1,1,53,110,1,528,17818,16.71,13995.0,Mass Retail,Relationship Deepening
C100021,43,101628,43409,1422822,47,0,1,1,1,46,114,1,650,58219,14.0,23404.0,Credit Potential,Credit Card
C100022,37,74240,60917,638873,27,1,0,0,0,56,68,0,570,13323,8.61,14379.0,Mass Retail,Relationship Deepening
C100023,29,24487,10620,336500,30,0,1,1,1,38,84,0,476,13867,13.74,8895.0,Credit Potential,Relationship Deepening
C100024,62,86303,57246,1517366,28,1,0,1,1,37,111,0,616,29057,17.58,20275.0,Mass Retail,Relationship Deepening
C100025,56,47311,24276,418071,34,1,0,0,0,69,92,0,528,23035,8.84,12103.0,Mass Retail,Relationship Deepening
C100026,49,131018,87884,1562117,47,1,0,0,1,36,79,0,664,43134,11.92,26025.0,Affluent,Fixed Deposit / Savings
C100027,39,46026,25597,764834,41,0,1,0,1,74,172,1,524,20429,16.62,16062.0,Credit Potential,Credit Card
C100028,58,45798,33425,239410,22,0,1,0,1,74,158,0,548,12373,5.23,11687.0,Credit Potential,Relationship Deepening
C100029,45,87532,40732,1406777,22,1,0,0,0,91,70,0,532,46800,16.07,18330.0,Digitally Active,Fixed Deposit / Savings
C100030,40,98889,79397,262872,38,1,1,0,1,21,130,0,560,19492,2.66,17990.0,Mass Retail,Digital Banking Onboarding
C100031,41,83166,49908,999960,31,0,1,1,0,41,146,1,546,33258,12.02,19066.0,Credit Potential,Relationship Deepening
C100032,31,25721,18726,368023,32,0,0,0,0,76,22,2,430,6995,14.31,7794.0,Mass Retail,Relationship Deepening
C100033,25,87383,67710,1000393,31,1,0,1,0,46,107,0,548,19673,11.45,18515.0,Mass Retail,Relationship Deepening
C100034,45,36801,31259,346814,33,0,0,1,1,66,144,1,518,5542,9.42,11967.0,Mass Retail,Relationship Deepening
C100035,60,73980,34177,850388,43,0,1,1,1,73,13,0,571,39803,11.49,15425.0,Digitally Active,Credit Card
C100036,23,29706,14658,106295,32,0,1,0,0,86,62,0,442,15048,3.58,8146.0,Credit Potential,Relationship Deepening
C100037,59,83085,39483,387567,28,0,1,1,1,29,144,1,537,43602,4.66,16259.0,Credit Potential,Digital Banking Onboarding
C100038,58,41711,20081,233091,43,1,1,1,1,32,168,1,497,21630,5.59,13603.0,Mass Retail,Digital Banking Onboarding
C100039,33,32103,20585,358338,39,1,0,0,1,50,178,0,515,11518,11.16,12994.0,Mass Retail,Relationship Deepening
C100040,49,96254,81504,819343,38,0,0,1,0,53,109,0,580,14750,8.51,19428.0,Mass Retail,Relationship Deepening
C100041,28,74239,62742,382784,34,0,0,1,0,87,10,1,502,11497,5.16,12605.0,Digitally Active,Relationship Deepening
C100042,55,46372,28444,742315,26,1,0,0,1,13,7,1,511,17928,16.01,10381.0,Mass Retail,Digital Banking Onboarding
C100043,52,144393,96673,1062249,32,1,1,1,1,31,146,1,604,47720,7.36,25538.0,Affluent,Digital Banking Onboarding
C100044,36,51010,39787,437798,38,0,1,0,0,88,132,0,559,11223,8.58,13952.0,Credit Potential,Relationship Deepening
C100045,24,66158,54016,526943,32,0,0,1,0,62,37,1,520,12142,7.96,12849.0,Mass Retail,Relationship Deepening
C100046,64,75361,34058,308455,24,1,0,1,1,68,26,1,593,41303,4.09,11820.0,Digitally Active,Relationship Deepening
C100047,41,46227,28396,621187,33,1,1,1,1,31,28,0,570,17831,13.44,11107.0,Mass Retail,Digital Banking Onboarding
C100048,61,84227,64553,726354,32,1,1,0,1,63,158,0,628,19674,8.62,18478.0,Mass Retail,Relationship Deepening
C100049,51,48472,24314,61868,26,0,0,0,1,41,138,2,538,24158,1.28,11145.0,Mass Retail,Relationship Deepening
C100050,56,51831,29539,901247,35,1,1,1,1,73,170,1,590,22292,17.39,16538.0,Mass Retail,Relationship Deepening
C100051,55,137530,115912,2044791,53,1,0,1,1,17,23,0,601,21618,14.87,27807.0,Affluent,Digital Banking Onboarding
C100052,29,36674,30899,487781,45,1,0,1,1,34,126,0,534,5775,13.3,13269.0,Mass Retail,Digital Banking Onboarding
C100053,37,18000,14455,283942,32,0,1,0,1,65,166,0,542,3545,15.77,10286.0,Credit Potential,Relationship Deepening
C100054,42,157654,118118,2588004,40,1,0,1,0,61,97,0,708,39536,16.42,32542.0,Affluent,Investment / Wealth Product
C100055,43,264150,127998,1779665,48,1,1,1,1,82,140,0,687,136152,6.74,41834.0,Affluent,Relationship Deepening
C100056,22,52013,26549,592233,32,0,0,0,1,78,109,0,542,25464,11.39,13495.0,Savings Potential,Fixed Deposit / Savings
C100057,45,22401,13970,254251,25,0,0,1,1,11,4,0,511,8431,11.35,5857.0,Mass Retail,Digital Banking Onboarding
C100058,27,54796,34543,303795,28,0,0,0,1,17,78,1,564,20253,5.54,11445.0,Mass Retail,Digital Banking Onboarding
C100059,54,55532,33472,265066,32,1,1,0,0,40,49,1,472,22060,4.77,11038.0,Mass Retail,Relationship Deepening
C100060,51,58553,39133,171936,33,1,1,1,0,92,17,1,491,19420,2.94,10268.0,Mass Retail,Relationship Deepening
C100061,62,35234,19526,430154,36,0,1,0,1,51,108,0,472,15708,12.21,11544.0,Credit Potential,Relationship Deepening
C100062,54,89402,64780,1276273,40,0,1,1,1,86,167,1,575,24622,14.28,22220.0,Digitally Active,Credit Card
C100063,37,86736,44823,1208767,32,0,0,0,1,15,12,1,632,41913,13.94,17009.0,Savings Potential,Fixed Deposit / Savings
C100064,64,28573,14725,182201,27,0,0,0,0,92,61,0,524,13848,6.38,7811.0,Mass Retail,Relationship Deepening
C100065,39,95483,39493,428662,29,0,0,1,0,15,121,0,562,55990,4.49,17188.0,Mass Retail,Digital Banking Onboarding
C100066,35,201012,89321,1751103,45,0,1,1,1,79,58,0,682,111691,8.71,33056.0,Affluent,Credit Card
C100067,61,71448,55391,735613,26,1,1,1,1,85,23,0,563,16057,10.3,13262.0,Digitally Active,Relationship Deepening
C100068,37,53993,30946,897609,32,0,0,0,1,35,36,0,553,23047,16.62,13090.0,Mass Retail,Relationship Deepening
C100069,24,60117,27890,954170,30,1,1,1,1,35,7,0,549,32227,15.87,13003.0,Mass Retail,Relationship Deepening
C100070,42,91175,66528,1511039,26,1,1,0,1,60,178,1,538,24647,16.57,22212.0,Mass Retail,Relationship Deepening
C100071,56,25091,15732,387771,25,0,1,1,0,72,89,0,519,9359,15.45,8785.0,Credit Potential,Relationship Deepening
C100072,29,71151,25655,1237874,37,1,1,0,1,20,169,0,580,45496,17.4,19992.0,Savings Potential,Fixed Deposit / Savings
C100073,41,52438,26648,467406,31,0,0,0,0,30,124,0,564,25790,8.91,13313.0,Savings Potential,Fixed Deposit / Savings
C100074,26,179593,78751,324533,56,1,0,0,0,74,64,0,650,100842,1.81,26457.0,Digitally Active,Fixed Deposit / Savings
C100075,51,59062,40040,142963,40,1,1,1,0,79,169,0,547,19022,2.42,14703.0,Mass Retail,Relationship Deepening
C100076,42,162670,79304,1241938,38,1,0,1,1,23,49,1,623,83366,7.63,26260.0,Affluent,Digital Banking Onboarding
C100077,35,35422,13548,190594,36,0,0,1,0,86,34,1,516,21874,5.38,8755.0,Mass Retail,Relationship Deepening
C100078,31,89782,33890,349160,28,0,1,1,0,84,145,0,526,55892,3.89,16800.0,Digitally Active,Relationship Deepening
C100079,46,77483,49656,1333052,33,1,0,1,0,84,100,0,552,27827,17.2,18881.0,Digitally Active,Relationship Deepening
C100080,51,40302,14544,174192,29,0,0,0,1,30,77,0,519,25758,4.32,9552.0,Savings Potential,Fixed Deposit / Savings
C100081,63,71662,55494,1240423,34,1,1,1,1,67,107,0,537,16168,17.31,18203.0,Digitally Active,Relationship Deepening
C100082,40,126630,54160,1764501,41,0,0,1,1,23,174,0,629,72470,13.93,28171.0,Affluent,Credit Card
C100083,28,54397,35536,647106,26,0,1,0,1,26,52,0,563,18861,11.9,11928.0,Credit Potential,Digital Banking Onboarding
C100084,58,25631,14670,320192,27,0,0,1,1,16,162,0,497,10961,12.49,10594.0,Mass Retail,Digital Banking Onboarding
C100085,49,64375,36786,427133,29,1,1,1,1,52,164,0,560,27589,6.64,15146.0,Mass Retail,Relationship Deepening
C100086,52,39569,15270,474407,38,1,1,0,0,71,137,2,473,24299,11.99,13080.0,Mass Retail,Relationship Deepening
C100087,25,53844,40457,224734,33,0,0,0,0,27,30,0,478,13387,4.17,10333.0,Mass Retail,Digital Banking Onboarding
C100088,35,62148,49502,1052844,38,0,1,0,1,26,18,0,620,12646,16.94,14676.0,Credit Potential,Digital Banking Onboarding
C100089,55,25439,9044,155953,28,0,0,1,1,33,24,1,463,16395,6.13,6568.0,Mass Retail,Digital Banking Onboarding
C100090,58,26730,11742,142688,18,0,0,1,1,26,127,0,474,14988,5.34,8219.0,Mass Retail,Digital Banking Onboarding
C100091,40,84735,67953,1109156,24,1,0,1,0,81,73,1,559,16782,13.09,17135.0,Digitally Active,Relationship Deepening
C100092,57,48759,30462,592893,30,1,1,0,1,24,177,0,554,18297,12.16,14672.0,Mass Retail,Digital Banking Onboarding
C100093,58,18000,8000,156097,33,0,1,1,1,33,4,2,500,10000,8.67,5824.0,Credit Potential,Digital Banking Onboarding
C100094,38,100088,45179,1176195,44,0,0,0,1,36,69,0,650,54909,11.75,20839.0,Savings Potential,Fixed Deposit / Savings
C100095,61,75504,51342,280226,32,0,1,0,1,27,49,0,531,24162,3.71,13096.0,Credit Potential,Digital Banking Onboarding
C100096,33,43893,31270,546318,25,1,0,0,1,90,159,0,501,12623,12.45,13050.0,Mass Retail,Relationship Deepening
C100097,31,31505,20469,176437,31,0,0,0,1,28,24,0,558,11036,5.6,7556.0,Mass Retail,Digital Banking Onboarding
C100098,51,102933,85082,580360,37,1,1,0,1,51,75,0,610,17851,5.64,18190.0,Mass Retail,Relationship Deepening
C100099,49,78770,47028,295943,26,0,1,0,0,58,156,0,580,31742,3.76,15561.0,Savings Potential,Fixed Deposit / Savings
C100100,27,241005,120535,1602784,52,1,1,0,1,32,174,2,624,120470,6.65,40062.0,Affluent,Fixed Deposit / Savings
C100101,58,81899,48207,543097,34,1,0,1,1,50,165,0,607,33692,6.63,17887.0,Mass Retail,Relationship Deepening
C100102,29,80449,42625,701600,32,0,1,1,0,24,118,0,575,37824,8.72,17001.0,Credit Potential,Digital Banking Onboarding
C100103,57,59298,27408,251254,33,0,1,0,1,51,31,0,550,31890,4.24,11010.0,Savings Potential,Fixed Deposit / Savings
C100104,21,101861,37992,436082,43,1,1,1,0,11,20,0,529,63869,4.28,16730.0,Mass Retail,Digital Banking Onboarding
C100105,56,91669,48228,935900,37,1,1,1,0,47,75,0,586,43441,10.21,18486.0,Mass Retail,Relationship Deepening
C100106,56,129391,91312,412875,44,0,0,1,1,41,87,1,635,38079,3.19,21166.0,Mass Retail,Credit Card
C100107,56,48797,17529,620265,37,1,1,0,1,40,93,0,506,31268,12.71,13386.0,Savings Potential,Fixed Deposit / Savings
C100108,50,51158,29139,872091,28,1,1,0,1,19,11,0,520,22019,17.05,11679.0,Mass Retail,Digital Banking Onboarding
C100109,42,49943,33562,412305,32,0,1,0,0,95,122,1,489,16381,8.26,12894.0,Credit Potential,Relationship Deepening
C100110,52,100417,65793,1638679,35,0,1,1,1,12,72,0,588,34624,16.32,21896.0,Credit Potential,Digital Banking Onboarding
C100111,33,148190,109412,395871,41,0,0,1,1,22,22,0,589,38778,2.67,21052.0,Mass Retail,Credit Card
C100112,56,50503,38143,87384,39,0,1,0,1,18,165,1,548,12360,1.73,13425.0,Credit Potential,Digital Banking Onboarding
C100113,46,51458,36322,682499,34,1,0,0,1,94,66,0,556,15136,13.26,12926.0,Mass Retail,Relationship Deepening
C100114,41,77256,31011,1076751,24,1,1,1,1,37,44,1,548,46245,13.94,15533.0,Mass Retail,Relationship Deepening
C100115,43,56782,33360,870580,30,0,1,1,0,47,90,0,556,23422,15.33,14411.0,Credit Potential,Relationship Deepening
C100116,46,109729,71511,215717,50,1,1,0,0,74,171,1,573,38218,1.97,21111.0,Digitally Active,Fixed Deposit / Savings
C100117,22,18839,8907,267648,33,0,1,0,1,14,148,0,429,9932,14.21,9954.0,Credit Potential,Digital Banking Onboarding
C100118,27,41252,15316,305313,40,0,0,0,1,15,20,0,546,25936,7.4,9846.0,Savings Potential,Fixed Deposit / Savings
C100119,32,42269,19520,260240,24,0,1,0,1,25,124,0,483,22749,6.16,10768.0,Credit Potential,Digital Banking Onboarding
C100120,26,18141,10476,71502,31,0,0,0,0,68,120,0,470,7665,3.94,8200.0,Mass Retail,Relationship Deepening
C100121,40,38259,21309,686076,37,0,1,1,0,94,159,1,520,16950,17.93,14245.0,Credit Potential,Relationship Deepening
C100122,51,39293,17224,81819,22,0,1,0,0,63,173,0,518,22069,2.08,10782.0,Credit Potential,Relationship Deepening
C100123,50,58194,44356,876349,36,1,1,1,1,85,135,2,534,13838,15.06,16300.0,Mass Retail,Relationship Deepening
C100124,42,119883,97446,1423183,42,0,0,1,0,85,118,2,572,22437,11.87,24831.0,Digitally Active,Credit Card
C100125,59,56804,25600,766645,27,0,1,0,1,33,65,0,546,31204,13.5,13072.0,Savings Potential,Fixed Deposit / Savings
C100126,46,36872,30042,482987,37,1,1,0,1,25,162,1,560,6830,13.1,13369.0,Mass Retail,Digital Banking Onboarding
C100127,24,62995,22611,982312,35,1,0,0,1,23,169,0,563,40384,15.59,17954.0,Savings Potential,Fixed Deposit / Savings
C100128,55,115750,94045,477407,42,1,1,0,1,78,178,0,598,21705,4.12,22135.0,Digitally Active,Relationship Deepening
C100129,46,38001,31387,38534,35,0,1,0,0,67,171,0,539,6614,1.01,11729.0,Credit Potential,Relationship Deepening
C100130,49,39392,14025,440209,25,1,0,1,1,84,116,0,503,25367,11.18,11100.0,Mass Retail,Relationship Deepening
C100131,46,88375,64647,620003,19,0,1,1,0,53,172,0,640,23728,7.02,17518.0,Credit Potential,Relationship Deepening
C100132,45,57544,48055,178637,29,1,1,0,1,93,141,0,493,9489,3.1,12894.0,Mass Retail,Relationship Deepening
C100133,25,92805,74518,386475,36,1,0,0,0,86,45,1,531,18287,4.16,15551.0,Digitally Active,Relationship Deepening
C100134,46,64514,53892,428356,27,0,0,0,1,79,8,0,533,10622,6.64,11065.0,Mass Retail,Relationship Deepening
C100135,56,95612,59773,209770,37,1,1,0,1,79,176,0,556,35839,2.19,18500.0,Digitally Active,Fixed Deposit / Savings
C100136,34,36785,14312,72376,28,0,1,1,1,20,78,0,489,22473,1.97,8718.0,Credit Potential,Digital Banking Onboarding
C100137,48,64569,50034,1070073,25,1,1,1,1,74,157,0,533,14535,16.57,17162.0,Mass Retail,Relationship Deepening
C100138,22,57888,38027,365026,36,0,0,0,0,91,54,0,559,19861,6.31,12199.0,Mass Retail,Relationship Deepening
C100139,36,33303,21892,589394,33,1,0,0,1,35,66,0,475,11411,17.7,10638.0,Mass Retail,Relationship Deepening
C100140,40,27508,15367,478480,29,0,0,0,0,80,148,1,530,12141,17.39,11265.0,Mass Retail,Relationship Deepening
C100141,65,94779,60272,324496,25,1,1,1,1,40,95,0,599,34507,3.42,15651.0,Mass Retail,Relationship Deepening
C100142,30,53590,22872,704908,39,1,0,0,1,28,122,1,498,30718,13.15,15129.0,Savings Potential,Fixed Deposit / Savings
C100143,33,37045,26668,415411,38,0,1,0,1,72,59,0,531,10377,11.21,10641.0,Credit Potential,Relationship Deepening
C100144,39,61651,23890,785495,32,0,0,1,0,24,111,0,538,37761,12.74,15282.0,Mass Retail,Digital Banking Onboarding
C100145,65,120880,86416,318548,52,0,1,1,0,51,89,0,556,34464,2.64,20787.0,Credit Potential,Credit Card
C100146,59,18541,14360,77974,35,1,1,1,1,90,167,0,474,4181,4.21,9841.0,Mass Retail,Relationship Deepening
C100147,22,28538,16730,65719,32,0,0,0,0,23,90,1,494,11808,2.3,8567.0,Mass Retail,Digital Banking Onboarding
C100148,31,39126,23668,440967,34,0,0,0,1,23,18,1,516,15458,11.27,9526.0,Mass Retail,Digital Banking Onboarding
C100149,57,145189,73481,2580304,41,0,1,0,0,91,133,1,652,71708,17.77,32265.0,Affluent,Investment / Wealth Product
C100150,23,75930,63381,943333,36,0,0,0,0,76,171,0,531,12549,12.42,19241.0,Digitally Active,Relationship Deepening
C100151,59,99128,71031,1296886,31,1,0,1,1,49,159,0,592,28097,13.08,22175.0,Mass Retail,Relationship Deepening
C100152,33,34719,18557,615851,29,0,0,1,0,44,20,0,505,16162,17.74,9335.0,Mass Retail,Relationship Deepening
C100153,62,35115,15360,439864,35,0,0,1,1,92,179,0,474,19755,12.53,13246.0,Mass Retail,Relationship Deepening
C100154,34,83153,38233,139954,39,1,1,0,1,72,64,0,541,44920,1.68,14375.0,Digitally Active,Fixed Deposit / Savings
C100155,40,67117,39060,1056362,39,0,0,1,1,88,150,0,574,28057,15.74,18587.0,Mass Retail,Relationship Deepening
C100156,50,87899,72190,632835,35,1,1,1,0,17,114,0,570,15709,7.2,17671.0,Mass Retail,Digital Banking Onboarding
C100157,26,58625,42039,62974,29,0,0,0,1,55,175,0,575,16586,1.07,13389.0,Mass Retail,Relationship Deepening
C100158,46,75745,34662,728888,25,0,0,1,1,72,63,0,523,41083,9.62,14565.0,Digitally Active,Relationship Deepening
C100159,43,70906,55291,1200383,31,0,0,0,1,13,110,0,541,15615,16.93,17742.0,Mass Retail,Digital Banking Onboarding
C100160,56,99699,53748,535846,34,0,0,0,1,54,123,0,583,45951,5.37,18588.0,Savings Potential,Fixed Deposit / Savings
C100161,65,101316,78607,947882,33,1,1,1,1,14,30,0,605,22709,9.36,17973.0,Mass Retail,Digital Banking Onboarding
C100162,50,26668,12557,105450,39,0,0,0,0,87,140,0,445,14111,3.95,10489.0,Mass Retail,Relationship Deepening
C100163,39,18885,12452,37408,26,1,0,0,0,68,28,0,516,6433,1.98,5338.0,Mass Retail,Relationship Deepening
C100164,39,112770,91720,267181,40,1,0,0,1,26,149,0,576,21050,2.37,20071.0,Mass Retail,Digital Banking Onboarding
C100165,39,124915,59828,1668767,38,1,1,1,1,54,25,2,500,65087,13.36,23592.0,Affluent,Relationship Deepening
C100166,57,37079,25824,581739,34,0,0,0,1,19,34,0,532,11255,15.69,10285.0,Mass Retail,Digital Banking Onboarding
C100167,35,23371,19717,80303,29,1,0,0,0,79,90,0,468,3654,3.44,7808.0,Mass Retail,Relationship Deepening
C100168,28,68639,29192,405065,26,0,0,0,1,26,35,0,515,39447,5.9,11959.0,Savings Potential,Fixed Deposit / Savings
C100169,36,108456,42754,468044,35,1,1,1,1,62,16,0,520,65702,4.32,16618.0,Mass Retail,Relationship Deepening
C100170,22,174699,120035,254457,41,1,1,0,0,16,12,0,611,54664,1.46,22888.0,Savings Potential,Fixed Deposit / Savings
C100171,25,86345,44888,898708,42,0,0,0,0,23,53,0,615,41457,10.41,17754.0,Savings Potential,Fixed Deposit / Savings
C100172,25,52982,20431,683391,29,1,0,1,0,94,89,0,533,32551,12.9,13157.0,Mass Retail,Relationship Deepening
C100173,55,39772,23372,477819,24,0,1,1,1,43,10,1,440,16400,12.01,8538.0,Credit Potential,Relationship Deepening
C100174,53,65411,47546,496919,31,1,1,0,1,20,27,2,525,17865,7.6,12304.0,Mass Retail,Digital Banking Onboarding
C100175,52,55135,27158,575347,40,0,0,1,0,70,111,1,520,27977,10.44,14590.0,Mass Retail,Credit Card
C100176,41,37192,19248,96688,33,0,0,0,1,27,59,0,473,17944,2.6,8881.0,Mass Retail,Digital Banking Onboarding
C100177,53,200578,155017,726727,39,1,1,1,1,60,137,0,663,45561,3.62,30290.0,Affluent,Relationship Deepening
C100178,28,173509,105847,2921981,46,0,1,1,0,79,151,1,680,67662,16.84,37414.0,Affluent,Investment / Wealth Product
C100179,61,121415,93655,1693208,48,0,1,1,0,68,8,0,603,27760,13.95,23914.0,Affluent,Investment / Wealth Product
C100180,43,39170,22452,653618,40,0,0,0,0,31,170,0,471,16718,16.69,14781.0,Mass Retail,Credit Card
C100181,63,104027,85977,1725134,31,1,1,0,0,30,124,0,546,18050,16.58,23503.0,Mass Retail,Digital Banking Onboarding
C100182,27,92405,62410,1112527,35,0,1,1,0,29,148,0,541,29995,12.04,20891.0,Credit Potential,Digital Banking Onboarding
C100183,43,82913,33824,1391279,24,0,0,0,1,64,87,1,554,49089,16.78,18431.0,Savings Potential,Fixed Deposit / Savings
C100184,52,129244,102432,1044806,55,1,1,1,1,67,3,0,590,26812,8.08,22679.0,Affluent,Relationship Deepening
C100185,43,92189,54819,97856,37,0,0,1,1,54,159,0,527,37370,1.06,17285.0,Mass Retail,Relationship Deepening
C100186,41,97651,41093,201522,28,1,0,0,0,44,103,0,576,56558,2.06,15946.0,Savings Potential,Fixed Deposit / Savings
C100187,28,92267,39338,264002,39,1,1,0,0,15,9,1,542,52929,2.86,14408.0,Savings Potential,Fixed Deposit / Savings
C100188,38,78400,54391,205487,31,1,0,1,1,81,32,0,547,24009,2.62,12562.0,Digitally Active,Relationship Deepening
C100189,31,24371,9107,170085,30,1,0,1,1,66,39,0,525,15264,6.98,7092.0,Mass Retail,Relationship Deepening
C100190,34,68059,33573,879435,30,1,1,1,0,64,69,2,488,34486,12.92,15049.0,Mass Retail,Relationship Deepening
C100191,51,47870,20100,691287,32,0,1,1,0,18,81,0,503,27770,14.44,12777.0,Credit Potential,Digital Banking Onboarding
C100192,49,32152,18344,354753,29,0,1,0,0,34,78,0,502,13808,11.03,9484.0,Credit Potential,Digital Banking Onboarding
C100193,48,163921,91333,571989,30,1,1,1,0,36,156,2,561,72588,3.49,25580.0,Mass Retail,Relationship Deepening
C100194,37,168230,102778,2307167,29,0,1,1,0,61,169,1,565,65452,13.71,33177.0,Affluent,Investment / Wealth Product
C100195,64,137271,67238,965241,36,0,1,0,1,77,123,0,602,70033,7.03,24263.0,Affluent,Fixed Deposit / Savings
C100196,24,74795,27377,91317,37,1,1,0,0,84,115,0,563,47418,1.22,14420.0,Digitally Active,Fixed Deposit / Savings
C100197,36,136624,89788,788320,41,1,0,1,0,54,155,0,622,46836,5.77,24791.0,Affluent,Investment / Wealth Product
C100198,26,65432,35128,433176,33,0,0,0,0,41,50,0,546,30304,6.62,12826.0,Savings Potential,Fixed Deposit / Savings
C100199,36,72670,49101,411469,29,1,1,1,0,45,101,0,545,23569,5.66,14338.0,Mass Retail,Relationship Deepening
C100200,64,35623,14403,527277,32,0,0,1,1,73,116,2,554,21220,14.8,11771.0,Mass Retail,Relationship Deepening
C100201,37,80861,28858,1125485,31,1,0,1,1,37,53,0,527,52003,13.92,17013.0,Mass Retail,Relationship Deepening
C100202,61,67195,31860,861735,28,0,0,1,1,45,171,1,516,35335,12.82,17241.0,Mass Retail,Relationship Deepening
C100203,43,31751,18361,106782,21,0,1,0,1,77,44,1,531,13390,3.36,6802.0,Credit Potential,Relationship Deepening
C100204,52,63195,34570,931067,38,1,1,1,0,56,13,0,560,28625,14.73,14169.0,Mass Retail,Relationship Deepening
C100205,41,62211,46979,778387,34,1,0,1,0,50,60,1,504,15232,12.51,14235.0,Mass Retail,Relationship Deepening
C100206,32,174696,94147,753330,34,0,1,0,1,73,147,0,636,80549,4.31,27558.0,Affluent,Fixed Deposit / Savings
C100207,55,106294,65394,1277393,40,1,0,0,1,34,69,0,585,40900,12.02,21464.0,Savings Potential,Fixed Deposit / Savings
C100208,64,65410,42305,603065,41,0,1,1,1,15,41,2,497,23105,9.22,14078.0,Credit Potential,Credit Card
C100209,32,74531,26900,631203,35,1,1,1,1,77,157,0,513,47631,8.47,17403.0,Digitally Active,Relationship Deepening
C100210,56,66600,40464,193546,25,0,0,0,1,49,30,0,558,26136,2.91,10684.0,Savings Potential,Fixed Deposit / Savings
C100211,32,58136,30371,570382,27,0,1,0,0,37,31,0,538,27765,9.81,11570.0,Savings Potential,Fixed Deposit / Savings
C100212,53,35840,20093,96725,37,0,0,0,1,18,162,0,573,15747,2.7,11721.0,Mass Retail,Digital Banking Onboarding
C100213,56,59818,23936,226849,22,0,1,0,0,89,59,0,532,35882,3.79,10564.0,Savings Potential,Fixed Deposit / Savings
C100214,41,43122,31971,140288,31,0,0,0,0,72,3,0,506,11151,3.25,8048.0,Mass Retail,Relationship Deepening
C100215,54,32678,26836,562717,39,1,0,1,0,33,79,0,581,5842,17.22,11394.0,Mass Retail,Digital Banking Onboarding
C100216,33,86104,31095,503082,26,1,0,0,0,62,134,0,584,55009,5.84,16573.0,Savings Potential,Fixed Deposit / Savings
C100217,24,80607,52450,567349,30,0,0,0,1,49,136,0,545,28157,7.04,16730.0,Savings Potential,Fixed Deposit / Savings
C100218,25,24330,17807,157544,42,0,0,0,0,38,18,0,436,6523,6.48,7713.0,Mass Retail,Credit Card
C100219,41,60759,29918,988560,32,1,0,1,0,36,52,0,522,30841,16.27,14530.0,Mass Retail,Relationship Deepening
C100220,61,112395,83597,1188067,50,0,1,1,1,16,112,0,570,28798,10.57,23792.0,Credit Potential,Credit Card
C100221,26,116392,77537,1935094,38,0,0,1,1,93,119,0,602,38855,16.63,26155.0,Digitally Active,Relationship Deepening
C100222,41,114274,93085,696924,46,1,0,1,1,89,112,0,562,21189,6.1,21615.0,Digitally Active,Relationship Deepening
C100223,52,66406,55815,196044,27,1,0,1,1,84,62,0,599,10591,2.95,11675.0,Mass Retail,Relationship Deepening
C100224,30,40838,15158,426990,34,1,1,0,0,37,155,0,458,25680,10.46,13067.0,Savings Potential,Fixed Deposit / Savings
C100225,53,35815,20503,246194,31,0,1,0,1,95,16,0,483,15312,6.87,8066.0,Credit Potential,Relationship Deepening
C100226,34,78565,48984,1149588,28,0,0,0,1,33,148,0,569,29581,14.63,18955.0,Savings Potential,Fixed Deposit / Savings
C100227,57,80077,33902,1277247,41,1,0,0,1,80,169,0,602,46175,15.95,21442.0,Digitally Active,Fixed Deposit / Savings
C100228,47,131950,68369,1191999,42,0,0,1,1,18,124,0,519,63581,9.03,25263.0,Affluent,Credit Card
C100229,45,119030,100440,2084586,35,0,0,1,0,36,79,0,561,18590,17.51,25716.0,Mass Retail,Relationship Deepening
C100230,28,60441,21645,628656,32,1,0,1,0,59,70,0,521,38796,10.4,13509.0,Mass Retail,Relationship Deepening
C100231,41,32788,18894,183800,29,0,0,1,0,93,80,0,558,13894,5.61,8914.0,Mass Retail,Relationship Deepening
C100232,59,54537,42066,507880,26,0,1,0,0,32,32,1,596,12471,9.31,10885.0,Credit Potential,Digital Banking Onboarding
C100233,21,73249,37500,119709,31,0,1,0,0,47,42,1,489,35749,1.63,11954.0,Savings Potential,Fixed Deposit / Savings
C100234,55,58163,34310,853129,19,1,1,0,1,82,115,2,514,23853,14.67,14004.0,Mass Retail,Relationship Deepening
C100235,43,47302,39687,128868,38,0,0,1,0,50,100,0,491,7615,2.72,11546.0,Mass Retail,Relationship Deepening
C100236,53,74700,43881,466777,30,0,1,0,1,68,90,0,579,30819,6.25,14587.0,Digitally Active,Fixed Deposit / Savings
C100237,50,49265,20468,522719,31,1,0,0,0,45,87,0,591,28797,10.61,12292.0,Savings Potential,Fixed Deposit / Savings
C100238,40,46014,17295,79631,32,0,0,1,0,10,16,0,560,28719,1.73,8520.0,Mass Retail,Digital Banking Onboarding
C100239,34,77145,63468,181166,32,1,0,0,1,34,156,1,517,13677,2.35,15539.0,Mass Retail,Digital Banking Onboarding
C100240,49,52107,25163,668735,31,0,1,1,1,58,172,2,477,26944,12.83,15286.0,Credit Potential,Relationship Deepening
C100241,27,74340,44755,165050,27,0,0,0,1,11,46,1,510,29585,2.22,11944.0,Savings Potential,Fixed Deposit / Savings
C100242,47,75539,29864,688191,33,0,0,1,0,29,58,1,588,45675,9.11,15057.0,Mass Retail,Digital Banking Onboarding
C100243,25,34733,19514,234722,36,0,0,0,0,91,114,0,486,15219,6.76,10862.0,Mass Retail,Relationship Deepening
C100244,50,49884,40658,243303,35,1,1,0,0,11,3,0,467,9226,4.88,9537.0,Mass Retail,Digital Banking Onboarding
C100245,49,143332,86172,603320,38,1,1,0,1,31,21,0,592,57160,4.21,21071.0,Savings Potential,Fixed Deposit / Savings
C100246,24,34303,28663,479492,26,0,0,0,1,63,162,1,477,5640,13.98,11998.0,Mass Retail,Relationship Deepening
C100247,55,20292,9728,348540,34,0,1,0,1,58,33,0,453,10564,17.18,7648.0,Credit Potential,Relationship Deepening
C100248,39,23345,14060,78977,35,0,1,1,0,27,105,0,508,9285,3.38,8775.0,Credit Potential,Digital Banking Onboarding
C100249,56,66049,51503,1143612,29,1,0,1,1,15,159,0,587,14546,17.31,18054.0,Mass Retail,Digital Banking Onboarding
C100250,22,66115,37958,734598,22,1,1,1,0,87,132,0,597,28157,11.11,15050.0,Mass Retail,Relationship Deepening
C100251,29,60929,29839,725551,24,0,0,0,0,57,51,0,487,31090,11.91,12670.0,Savings Potential,Fixed Deposit / Savings
C100252,43,126747,98576,1656423,54,0,0,1,1,59,30,0,640,28171,13.07,25450.0,Affluent,Credit Card
C100253,29,18000,9809,233460,28,0,0,1,1,14,130,0,525,8191,12.97,8784.0,Mass Retail,Digital Banking Onboarding
C100254,35,80814,49730,1207102,30,0,1,0,0,27,74,0,583,31084,14.94,17760.0,Savings Potential,Fixed Deposit / Savings
C100255,50,153420,128606,1414373,35,1,1,1,1,16,174,0,598,24814,9.22,28849.0,Affluent,Digital Banking Onboarding
C100256,27,34957,15494,351912,25,0,0,0,0,94,117,0,468,19463,10.07,10328.0,Mass Retail,Relationship Deepening
C100257,51,52746,26410,343118,26,0,0,1,1,76,4,2,504,26336,6.51,9347.0,Mass Retail,Relationship Deepening
C100258,25,42961,15704,119835,38,1,0,0,1,56,47,0,506,27257,2.79,9750.0,Savings Potential,Fixed Deposit / Savings
C100259,28,39746,21698,488825,23,0,0,0,1,68,134,0,493,18048,12.3,11580.0,Mass Retail,Relationship Deepening
C100260,47,54323,24450,85361,31,1,0,0,1,24,127,2,537,29873,1.57,12049.0,Savings Potential,Fixed Deposit / Savings
C100261,56,142523,98343,810357,43,0,1,1,1,94,134,0,601,44180,5.69,25144.0,Affluent,Credit Card
C100262,28,178565,78686,464608,34,1,1,1,1,54,44,0,543,99879,2.6,24215.0,Mass Retail,Relationship Deepening
C100263,34,54034,37144,229233,35,0,1,0,1,54,47,0,513,16890,4.24,10995.0,Credit Potential,Relationship Deepening
C100264,62,185336,89283,2197793,39,0,1,0,1,92,40,3,647,96053,11.86,32225.0,Affluent,Fixed Deposit / Savings
C100265,65,66284,34972,774474,31,0,1,0,1,18,126,0,580,31312,11.68,15976.0,Savings Potential,Fixed Deposit / Savings
C100266,47,170531,89432,1391181,39,1,1,0,1,46,5,1,635,81099,8.16,26643.0,Affluent,Fixed Deposit / Savings
C100267,41,61749,43741,156405,35,0,1,0,0,17,147,0,582,18008,2.53,13976.0,Credit Potential,Digital Banking Onboarding
C100268,36,69858,40745,584529,32,1,1,0,0,46,52,0,503,29113,8.37,13824.0,Savings Potential,Fixed Deposit / Savings
C100269,48,79471,42171,556035,27,1,0,0,0,32,89,0,543,37300,7.0,15096.0,Savings Potential,Fixed Deposit / Savings
C100270,47,373440,289906,4947258,38,1,0,1,0,49,46,0,850,83534,13.25,62083.0,Affluent,Investment / Wealth Product
C100271,34,103813,66023,1125695,29,1,0,1,1,70,78,1,491,37790,10.84,19734.0,Digitally Active,Relationship Deepening
C100272,22,44053,20128,412186,34,0,0,1,0,34,138,0,507,23925,9.36,12904.0,Mass Retail,Digital Banking Onboarding
C100273,27,110757,88610,1027678,36,0,1,1,1,14,38,0,618,22147,9.28,19736.0,Credit Potential,Digital Banking Onboarding
C100274,64,53270,27771,928344,27,1,1,1,1,23,103,0,604,25499,17.43,14315.0,Mass Retail,Digital Banking Onboarding
C100275,39,49651,18346,688018,31,0,1,1,1,71,13,0,556,31305,13.86,11142.0,Credit Potential,Relationship Deepening
C100276,42,107138,63994,1012310,44,0,1,0,1,59,34,0,608,43144,9.45,20013.0,Savings Potential,Fixed Deposit / Savings
C100277,42,66121,27240,604793,27,1,0,0,0,94,124,1,491,38881,9.15,14831.0,Savings Potential,Fixed Deposit / Savings
C100278,56,75763,35550,109867,40,0,1,1,0,86,103,0,599,40213,1.45,14591.0,Digitally Active,Credit Card
C100279,23,65502,47394,1115016,32,0,0,1,1,23,111,0,500,18108,17.02,16985.0,Mass Retail,Digital Banking Onboarding
C100280,24,78219,32490,502630,26,0,1,1,1,73,42,0,497,45729,6.43,13482.0,Digitally Active,Relationship Deepening
C100281,33,82115,61871,439393,36,1,0,0,0,17,39,0,558,20244,5.35,14544.0,Mass Retail,Digital Banking Onboarding
C100282,42,22400,18333,402973,40,0,0,0,1,18,78,0,492,4067,17.99,9802.0,Mass Retail,Credit Card
C100283,51,93785,61266,1239621,35,0,1,1,1,78,25,0,595,32519,13.22,18462.0,Digitally Active,Relationship Deepening
C100284,43,37874,26708,68370,24,0,0,0,0,44,160,0,528,11166,1.81,10461.0,Mass Retail,Relationship Deepening
C100285,40,29404,20782,60338,30,1,0,1,0,95,50,0,566,8622,2.05,7432.0,Mass Retail,Relationship Deepening
C100286,63,62945,53277,90233,29,1,0,0,0,10,130,0,562,9668,1.43,12805.0,Mass Retail,Digital Banking Onboarding
C100287,28,68073,35450,761974,36,1,0,0,0,53,30,0,517,32623,11.19,14205.0,Savings Potential,Fixed Deposit / Savings
C100288,46,44388,19150,98389,42,0,0,0,1,36,118,0,544,25238,2.22,11982.0,Savings Potential,Fixed Deposit / Savings
C100289,45,102663,62582,1731684,37,0,1,1,1,94,39,0,572,40081,16.87,21868.0,Digitally Active,Relationship Deepening
C100290,42,31068,19158,525907,28,0,0,1,0,67,52,0,550,11910,16.93,9310.0,Mass Retail,Relationship Deepening
C100291,57,51965,22810,534351,32,0,1,1,0,76,75,1,530,29155,10.28,12409.0,Credit Potential,Relationship Deepening
C100292,33,47120,30937,541077,27,0,1,1,0,34,25,1,519,16183,11.48,10201.0,Credit Potential,Digital Banking Onboarding
C100293,63,63356,22622,377739,36,1,0,1,1,86,25,0,492,40734,5.96,12072.0,Mass Retail,Relationship Deepening
C100294,35,75775,61668,158182,37,0,1,0,1,82,136,0,456,14107,2.09,15310.0,Digitally Active,Relationship Deepening
C100295,45,37339,18008,505456,37,0,0,1,1,77,64,0,472,19331,13.54,11056.0,Mass Retail,Relationship Deepening
C100296,44,96809,35798,264324,34,1,0,0,0,51,103,3,567,61011,2.73,16713.0,Savings Potential,Fixed Deposit / Savings
C100297,59,67292,27194,165166,30,1,0,0,0,89,117,1,490,40098,2.45,13315.0,Savings Potential,Fixed Deposit / Savings
C100298,40,22961,10795,144446,34,0,1,0,0,67,113,1,509,12166,6.29,9099.0,Credit Potential,Relationship Deepening
C100299,33,22135,10779,26826,39,0,1,0,1,15,114,1,452,11356,1.21,9071.0,Credit Potential,Digital Banking Onboarding
C100300,21,64561,23656,540932,32,0,0,0,0,86,175,0,517,40905,8.38,16195.0,Savings Potential,Fixed Deposit / Savings
C100301,37,57562,28187,750060,34,0,1,0,0,11,114,1,519,29375,13.03,15006.0,Savings Potential,Fixed Deposit / Savings
C100302,58,61406,27416,897935,35,0,0,0,1,68,64,1,601,33990,14.62,14832.0,Savings Potential,Fixed Deposit / Savings
C100303,21,64007,34520,721568,27,0,1,0,1,31,53,0,550,29487,11.27,13312.0,Savings Potential,Fixed Deposit / Savings
C100304,61,73585,39926,1132983,27,1,0,0,0,87,144,1,574,33659,15.4,18190.0,Digitally Active,Fixed Deposit / Savings
C100305,45,109464,56867,865918,49,1,0,1,1,72,77,1,612,52597,7.91,21235.0,Digitally Active,Relationship Deepening
C100306,27,35279,18132,544320,30,0,0,1,0,79,101,0,488,17147,15.43,11230.0,Mass Retail,Relationship Deepening
C100307,34,34117,13472,327868,25,0,1,0,0,70,147,0,547,20645,9.61,10898.0,Credit Potential,Relationship Deepening
C100308,45,35625,12918,170703,32,0,1,0,1,58,44,0,547,22707,4.79,8545.0,Credit Potential,Relationship Deepening
C100309,35,76195,34368,1299155,27,0,1,1,0,84,42,2,559,41827,17.05,16566.0,Digitally Active,Relationship Deepening
C100310,25,128909,93888,731496,39,1,1,1,0,35,12,0,573,35021,5.67,20017.0,Affluent,Investment / Wealth Product
C100311,50,51272,43346,74110,34,1,0,1,0,55,15,0,512,7926,1.45,9199.0,Mass Retail,Relationship Deepening
C100312,51,18000,14657,92258,29,1,0,0,1,35,112,0,475,3343,5.13,7869.0,Mass Retail,Relationship Deepening
C100313,26,25462,15331,184185,33,0,0,0,0,19,92,1,447,10131,7.23,8883.0,Mass Retail,Digital Banking Onboarding
C100314,33,41109,25319,286648,31,0,1,0,0,85,55,0,480,15790,6.97,9732.0,Credit Potential,Relationship Deepening
C100315,31,47829,24263,474434,41,1,1,0,1,52,40,0,533,23566,9.92,11781.0,Mass Retail,Relationship Deepening
C100316,50,51924,38266,831461,29,1,1,1,1,14,126,0,539,13658,16.01,14568.0,Mass Retail,Digital Banking Onboarding
C100317,53,66394,48626,396356,29,0,0,1,1,80,18,1,546,17768,5.97,11575.0,Mass Retail,Relationship Deepening
C100318,53,54758,42281,539538,34,0,0,1,0,90,127,0,561,12477,9.85,14209.0,Mass Retail,Relationship Deepening
C100319,63,115761,92348,785130,49,0,1,1,1,66,163,0,564,23413,6.78,23692.0,Digitally Active,Credit Card
C100320,55,44817,25419,670910,35,1,0,1,1,38,83,0,504,19398,14.97,12740.0,Mass Retail,Relationship Deepening
C100321,35,40452,29669,148831,34,0,1,0,0,83,90,0,502,10783,3.68,10291.0,Credit Potential,Relationship Deepening
C100322,25,84586,63710,233430,26,0,0,1,0,73,97,1,490,20876,2.76,14417.0,Digitally Active,Relationship Deepening
C100323,48,27932,14084,266779,29,0,1,0,0,34,19,0,484,13848,9.55,7235.0,Credit Potential,Digital Banking Onboarding
C100324,62,80537,65607,1000439,27,0,0,1,0,38,113,0,640,14930,12.42,17580.0,Mass Retail,Relationship Deepening
C100325,64,68772,27314,998834,37,1,1,1,1,94,67,1,503,41458,14.52,16248.0,Mass Retail,Relationship Deepening
C100326,31,59937,50775,660723,37,0,1,1,0,91,85,0,604,9162,11.02,14462.0,Credit Potential,Relationship Deepening
C100327,31,155701,114447,2204021,40,0,1,1,1,68,7,1,631,41254,14.16,28561.0,Affluent,Credit Card
C100328,22,46163,18310,354349,27,1,0,0,0,13,158,1,525,27853,7.68,12684.0,Savings Potential,Fixed Deposit / Savings
C100329,27,201855,136881,314642,40,1,1,0,0,29,62,1,633,64974,1.56,26994.0,Savings Potential,Fixed Deposit / Savings
C100330,45,57420,21078,170750,26,1,0,1,0,40,16,0,552,36342,2.97,9425.0,Mass Retail,Relationship Deepening
C100331,45,32202,23671,53400,32,1,0,0,0,56,141,1,550,8531,1.66,10159.0,Mass Retail,Relationship Deepening
C100332,37,67548,50635,445281,34,0,1,0,0,84,176,0,500,16913,6.59,16336.0,Credit Potential,Relationship Deepening
C100333,34,35962,23418,338879,40,0,0,1,0,82,95,0,505,12544,9.42,11327.0,Mass Retail,Credit Card
C100334,58,42988,33463,303384,34,1,1,0,1,33,8,0,504,9525,7.06,9112.0,Mass Retail,Digital Banking Onboarding
C100335,41,80863,32260,851502,31,0,0,1,0,19,178,0,501,48603,10.53,19042.0,Mass Retail,Digital Banking Onboarding
C100336,57,88231,43053,809109,33,0,1,1,0,33,39,1,536,45178,9.17,16335.0,Credit Potential,Digital Banking Onboarding
C100337,64,46164,25717,578202,19,0,0,0,1,30,45,0,614,20447,12.52,9954.0,Mass Retail,Digital Banking Onboarding
C100338,35,111884,41534,1380461,50,1,0,0,0,87,128,1,567,70350,12.34,24910.0,Digitally Active,Fixed Deposit / Savings
C100339,30,122856,70533,787152,46,0,0,0,0,11,61,0,649,52323,6.41,21559.0,Affluent,Investment / Wealth Product
C100340,63,143216,69117,986134,49,1,0,1,1,81,18,0,698,74099,6.89,23616.0,Affluent,Personal Loan
C100341,49,86970,47518,952107,27,1,0,0,0,66,123,0,679,39452,10.95,18280.0,Digitally Active,Fixed Deposit / Savings
C100342,34,137589,77401,1532655,36,1,1,0,0,19,49,0,679,60188,11.14,24715.0,Affluent,Investment / Wealth Product
C100343,48,23103,18244,146700,27,1,1,0,0,68,155,0,591,4859,6.35,9472.0,Mass Retail,Relationship Deepening
C100344,44,54573,26477,361022,27,0,0,0,1,59,30,0,544,28096,6.62,10351.0,Savings Potential,Fixed Deposit / Savings
C100345,61,40348,32152,516401,33,1,0,0,1,10,163,0,548,8196,12.8,13475.0,Mass Retail,Digital Banking Onboarding
C100346,32,69405,39074,833277,38,1,0,1,1,29,131,0,555,30331,12.01,17349.0,Mass Retail,Digital Banking Onboarding
C100347,65,47470,24395,156453,33,0,1,0,0,39,45,0,539,23075,3.3,9798.0,Credit Potential,Relationship Deepening
C100348,63,59323,35668,504111,34,1,1,1,1,28,105,0,560,23655,8.5,13974.0,Mass Retail,Digital Banking Onboarding
C100349,29,183018,102283,2960497,38,1,0,0,0,59,169,0,702,80735,16.18,38169.0,Affluent,Investment / Wealth Product
C100350,28,59207,28342,95750,28,1,0,0,0,62,14,0,500,30865,1.62,9454.0,Savings Potential,Fixed Deposit / Savings
C100351,44,81612,49076,1268066,42,1,0,1,1,24,148,1,508,32536,15.54,21133.0,Mass Retail,Digital Banking Onboarding
C100352,23,57205,24364,215893,34,0,0,0,1,20,84,1,509,32841,3.77,12084.0,Savings Potential,Fixed Deposit / Savings
C100353,34,67764,35641,652107,28,0,1,0,1,66,171,0,517,32123,9.62,16460.0,Savings Potential,Fixed Deposit / Savings
C100354,40,65215,41275,535661,28,0,0,0,1,50,39,0,520,23940,8.21,12439.0,Mass Retail,Relationship Deepening
C100355,64,83177,46305,97499,31,1,1,0,1,32,130,0,557,36872,1.17,15058.0,Savings Potential,Fixed Deposit / Savings
C100356,65,123385,94014,2043465,48,0,1,1,0,32,174,0,626,29371,16.56,29662.0,Affluent,Investment / Wealth Product
C100357,27,160847,76943,1404795,38,1,1,0,1,13,63,1,640,83904,8.73,27079.0,Affluent,Fixed Deposit / Savings
C100358,61,77067,64342,1327295,26,0,1,1,1,83,22,2,544,12725,17.22,16166.0,Digitally Active,Relationship Deepening
C100359,25,89895,66734,528099,31,0,1,1,1,82,72,0,587,23161,5.87,16002.0,Digitally Active,Relationship Deepening
C100360,54,34516,28779,542816,43,0,0,0,1,57,108,0,538,5737,15.73,12623.0,Mass Retail,Credit Card
C100361,59,61933,47631,1033083,37,0,1,1,1,40,114,0,563,14302,16.68,16876.0,Credit Potential,Relationship Deepening
C100362,61,109022,45904,1141037,51,1,1,1,1,28,88,1,591,63118,10.47,22766.0,Mass Retail,Digital Banking Onboarding
C100363,31,104655,64178,465247,38,1,0,0,0,36,168,0,514,40477,4.45,20326.0,Savings Potential,Fixed Deposit / Savings
C100364,61,73023,31764,923681,29,0,1,1,1,89,105,0,585,41259,12.65,16522.0,Digitally Active,Relationship Deepening
C100365,26,105837,80343,1093578,42,0,0,1,0,17,116,1,584,25494,10.33,22058.0,Mass Retail,Credit Card
C100366,44,85141,54667,1452251,33,0,1,0,1,80,172,1,598,30474,17.06,21923.0,Digitally Active,Fixed Deposit / Savings
C100367,42,125783,60593,1065081,48,1,1,1,1,36,169,0,551,65190,8.47,25864.0,Affluent,Relationship Deepening
C100368,35,76213,62098,424106,26,1,0,1,0,32,63,0,489,14115,5.56,13493.0,Mass Retail,Digital Banking Onboarding
C100369,21,53450,21786,179106,32,0,0,0,0,79,53,1,472,31664,3.35,10586.0,Savings Potential,Fixed Deposit / Savings
C100370,55,78187,49409,1006793,26,0,1,1,1,92,135,0,622,28778,12.88,17821.0,Digitally Active,Relationship Deepening
C100371,36,18000,12789,316078,34,1,0,0,0,95,95,0,507,5211,17.56,8839.0,Mass Retail,Relationship Deepening
C100372,50,80236,30444,118897,20,1,1,0,1,33,82,0,522,49792,1.48,12549.0,Savings Potential,Fixed Deposit / Savings
C100373,39,18000,11681,244576,34,0,0,0,0,60,126,0,449,6319,13.59,9328.0,Mass Retail,Relationship Deepening
C100374,37,25191,19093,422144,31,0,0,0,0,35,119,0,484,6098,16.76,10283.0,Mass Retail,Relationship Deepening
C100375,60,83334,31981,189276,33,0,0,0,0,26,164,0,535,51353,2.27,16491.0,Savings Potential,Fixed Deposit / Savings
C100376,25,84523,51231,242826,31,0,0,1,0,43,67,0,568,33292,2.87,14199.0,Mass Retail,Relationship Deepening
C100377,54,34297,16438,437739,41,1,1,0,0,15,136,1,546,17859,12.76,12681.0,Mass Retail,Digital Banking Onboarding
C100378,54,43936,29941,527906,28,1,0,1,1,24,43,2,464,13995,12.02,10380.0,Mass Retail,Digital Banking Onboarding
C100379,38,138129,56541,299748,37,1,0,0,0,61,168,0,611,81588,2.17,22912.0,Savings Potential,Fixed Deposit / Savings
C100380,32,49808,40769,756340,40,1,0,0,0,69,17,0,552,9039,15.19,12431.0,Mass Retail,Relationship Deepening
C100381,21,223183,177958,2209114,29,1,1,1,0,33,135,0,637,45225,9.9,37430.0,Affluent,Investment / Wealth Product
C100382,63,64931,28764,1066327,27,0,0,1,1,57,21,1,552,36167,16.42,13983.0,Mass Retail,Relationship Deepening
C100383,63,81354,41623,1295628,34,0,1,0,0,75,158,0,602,39731,15.93,20668.0,Digitally Active,Fixed Deposit / Savings
C100384,31,158170,101832,2342909,40,1,0,0,1,86,172,0,650,56338,14.81,33489.0,Affluent,Fixed Deposit / Savings
C100385,22,69857,49531,682524,29,1,1,0,0,58,147,0,474,20326,9.77,16291.0,Mass Retail,Relationship Deepening
C100386,26,37453,21398,197720,40,1,0,0,0,30,142,0,507,16055,5.28,12086.0,Mass Retail,Digital Banking Onboarding
C100387,24,61193,26200,587552,40,0,0,1,0,71,87,1,531,34993,9.6,14645.0,Mass Retail,Credit Card
C100388,58,63739,25628,172975,35,0,1,0,0,24,46,1,583,38111,2.71,11716.0,Savings Potential,Fixed Deposit / Savings
C100389,61,30685,26079,374371,31,0,1,1,0,21,177,1,488,4606,12.2,12091.0,Credit Potential,Digital Banking Onboarding
C100390,27,56468,32620,185081,21,0,1,0,1,40,96,0,497,23848,3.28,10887.0,Credit Potential,Relationship Deepening
C100391,54,43215,33978,418748,29,0,0,0,0,38,147,4,455,9237,9.69,12571.0,Mass Retail,Relationship Deepening
C100392,29,108071,63890,207981,40,0,0,0,1,22,129,0,564,44181,1.92,18864.0,Savings Potential,Fixed Deposit / Savings
C100393,37,66249,53740,403571,24,0,0,0,0,14,127,0,539,12509,6.09,13814.0,Mass Retail,Digital Banking Onboarding
C100394,47,55637,21914,275146,34,0,1,1,1,91,65,3,501,33723,4.95,11689.0,Credit Potential,Relationship Deepening
C100395,53,61313,24955,707582,30,0,0,1,1,68,78,0,514,36358,11.54,13912.0,Mass Retail,Relationship Deepening
C100396,60,73487,59878,1056399,24,1,1,0,0,71,80,0,590,13609,14.38,15974.0,Digitally Active,Relationship Deepening
C100397,23,91253,75169,180147,36,0,1,0,0,15,109,0,511,16084,1.97,16171.0,Credit Potential,Digital Banking Onboarding
C100398,29,37508,19030,579674,38,0,0,0,0,78,130,0,509,18478,15.45,13119.0,Mass Retail,Relationship Deepening
C100399,33,36654,19338,573009,26,0,1,0,0,41,38,1,558,17316,15.63,9507.0,Credit Potential,Relationship Deepening
C100400,34,119338,68766,813716,38,0,0,1,0,74,43,1,514,50572,6.82,20064.0,Digitally Active,Relationship Deepening
C100401,65,51811,28915,632253,32,0,1,0,1,52,11,0,544,22896,12.2,11185.0,Credit Potential,Relationship Deepening
C100402,55,29818,13270,233908,35,0,0,0,1,30,96,1,458,16548,7.84,9817.0,Mass Retail,Digital Banking Onboarding
C100403,35,82970,66309,300456,40,1,1,1,1,32,121,1,531,16661,3.62,16524.0,Mass Retail,Digital Banking Onboarding
C100404,64,83868,39976,837609,34,1,0,1,0,22,40,0,618,43892,9.99,16137.0,Mass Retail,Digital Banking Onboarding
C100405,43,28008,19680,69127,24,0,0,0,0,81,128,0,512,8328,2.47,8677.0,Mass Retail,Relationship Deepening
C100406,43,73744,28287,1175042,31,0,0,1,1,46,3,0,561,45457,15.93,15250.0,Mass Retail,Relationship Deepening
C100407,40,97413,35982,1628053,36,1,0,1,0,77,156,2,601,61431,16.71,23754.0,Digitally Active,Relationship Deepening
C100408,27,79862,54056,1195328,28,0,0,0,1,81,125,0,569,25806,14.97,18693.0,Digitally Active,Fixed Deposit / Savings
C100409,63,92017,47804,971977,26,0,1,1,1,24,123,1,600,44213,10.56,18765.0,Credit Potential,Digital Banking Onboarding
C100410,21,30025,20349,314640,26,0,0,0,1,38,128,0,521,9676,10.48,10061.0,Mass Retail,Relationship Deepening
C100411,28,77981,30959,1383244,22,0,0,1,1,20,66,1,443,47022,17.74,17181.0,Mass Retail,Digital Banking Onboarding
C100412,31,55034,45399,286964,31,1,0,0,0,10,179,2,482,9635,5.21,14226.0,Mass Retail,Digital Banking Onboarding
C100413,33,49842,36098,114194,30,1,1,0,0,94,135,0,476,13744,2.29,11816.0,Mass Retail,Relationship Deepening
C100414,26,104919,82691,1107214,46,1,0,1,1,66,35,0,543,22228,10.55,20396.0,Digitally Active,Relationship Deepening
C100415,21,146641,61330,966270,38,1,0,1,1,48,166,0,645,85311,6.59,26479.0,Affluent,Relationship Deepening
C100416,51,174389,88953,1130001,32,1,1,0,0,27,133,0,628,85436,6.48,28484.0,Affluent,Investment / Wealth Product
C100417,64,133959,71557,150094,28,0,1,0,0,60,58,0,665,62402,1.12,18246.0,Savings Potential,Fixed Deposit / Savings
C100418,26,61193,37853,681450,32,0,0,0,1,56,170,0,481,23340,11.14,16295.0,Mass Retail,Relationship Deepening
C100419,34,78916,39334,433136,25,0,1,1,1,29,46,0,505,39582,5.49,13274.0,Credit Potential,Digital Banking Onboarding
C100420,43,99101,37690,415590,26,1,0,1,1,11,117,1,573,61411,4.19,17097.0,Mass Retail,Digital Banking Onboarding
C100421,62,69480,37133,117236,30,0,1,1,0,50,121,0,539,32347,1.69,13442.0,Credit Potential,Relationship Deepening
C100422,52,69847,33336,502490,36,0,0,0,0,53,173,0,564,36511,7.19,16920.0,Savings Potential,Fixed Deposit / Savings
C100423,55,102253,55519,1630168,38,0,1,1,1,78,103,0,602,46734,15.94,23121.0,Digitally Active,Relationship Deepening
C100424,47,62915,28216,423002,31,1,1,1,1,43,179,0,537,34699,6.72,15559.0,Mass Retail,Relationship Deepening
C100425,39,43523,20932,545958,25,0,1,0,0,18,53,0,515,22591,12.54,10361.0,Credit Potential,Digital Banking Onboarding
C100426,29,51750,34335,717324,29,1,0,0,1,85,144,2,498,17415,13.86,14544.0,Mass Retail,Relationship Deepening
C100427,59,92115,50118,605906,31,1,1,1,1,45,46,0,599,41997,6.58,15885.0,Mass Retail,Relationship Deepening
C100428,57,65107,34031,974516,32,1,0,1,1,72,179,0,622,31076,14.97,18084.0,Mass Retail,Relationship Deepening
C100429,22,78375,48354,1000216,32,0,1,0,1,13,138,0,540,30021,12.76,18488.0,Savings Potential,Fixed Deposit / Savings
C100430,53,93966,69152,987310,28,1,1,1,1,13,113,0,569,24814,10.51,18971.0,Mass Retail,Digital Banking Onboarding
C100431,24,52891,28531,53783,34,0,0,0,0,12,14,1,471,24360,1.02,9254.0,Mass Retail,Digital Banking Onboarding
C100432,54,98526,63427,157302,31,1,0,1,0,77,90,0,618,35099,1.6,15832.0,Digitally Active,Relationship Deepening
C100433,58,80058,66696,1428612,35,1,0,0,0,30,28,1,594,13362,17.84,17920.0,Mass Retail,Digital Banking Onboarding
C100434,26,32958,20137,471264,30,0,0,0,1,78,165,0,439,12821,14.3,12306.0,Mass Retail,Relationship Deepening
C100435,40,143690,115656,2433901,36,0,1,0,1,91,70,0,575,28034,16.94,29455.0,Affluent,Fixed Deposit / Savings
C100436,26,49352,36858,806369,41,0,0,0,0,67,150,0,496,12494,16.34,16011.0,Mass Retail,Credit Card
C100437,46,26156,9923,35246,30,0,0,1,1,94,163,0,514,16233,1.35,9832.0,Mass Retail,Relationship Deepening
C100438,62,36584,20654,529057,33,0,1,1,0,89,22,1,519,15930,14.46,9625.0,Credit Potential,Relationship Deepening
C100439,24,37070,25918,321379,26,0,0,0,0,72,137,1,503,11152,8.67,11018.0,Mass Retail,Relationship Deepening
C100440,38,66892,56414,964752,46,1,0,1,1,79,56,1,527,10478,14.42,16548.0,Mass Retail,Relationship Deepening
C100441,64,55911,32383,62295,26,1,0,1,1,61,22,0,591,23528,1.11,8990.0,Mass Retail,Relationship Deepening
C100442,34,54008,21408,318613,37,0,0,0,0,28,49,0,550,32600,5.9,11600.0,Savings Potential,Fixed Deposit / Savings
C100443,26,91398,57673,1258779,29,1,0,1,1,18,100,0,569,33725,13.77,19575.0,Mass Retail,Digital Banking Onboarding
C100444,42,78360,32385,1134765,29,1,1,0,1,42,154,0,607,45975,14.48,19125.0,Savings Potential,Fixed Deposit / Savings
C100445,43,77340,56130,892130,39,1,0,1,1,50,125,0,503,21210,11.54,18328.0,Mass Retail,Relationship Deepening
C100446,50,81434,49173,498486,37,0,1,1,1,40,44,1,538,32261,6.12,14937.0,Credit Potential,Relationship Deepening
C100447,35,91219,64922,572504,28,0,0,0,1,18,55,0,561,26297,6.28,15587.0,Savings Potential,Fixed Deposit / Savings
C100448,64,20389,15999,355488,33,1,0,0,0,53,56,1,527,4390,17.44,8161.0,Mass Retail,Relationship Deepening
C100449,44,53194,35346,450373,36,0,1,0,1,52,133,0,474,17848,8.47,14046.0,Credit Potential,Relationship Deepening
C100450,33,19595,12859,168539,26,0,1,0,0,92,94,1,467,6736,8.6,7584.0,Credit Potential,Relationship Deepening
C100451,64,66302,48220,688855,31,0,1,1,0,92,7,0,579,18082,10.39,12661.0,Credit Potential,Relationship Deepening
C100452,62,64835,50002,516183,29,0,1,1,0,62,16,0,575,14833,7.96,11848.0,Credit Potential,Relationship Deepening
C100453,43,115518,90627,1200862,34,1,1,1,1,83,16,0,637,24891,10.4,20155.0,Digitally Active,Relationship Deepening
C100454,22,124909,45993,1042954,36,1,1,1,1,36,173,0,608,78916,8.35,24588.0,Affluent,Relationship Deepening
C100455,47,72669,45643,1093969,23,1,0,1,1,93,92,2,528,27026,15.05,16243.0,Digitally Active,Relationship Deepening
C100456,45,49362,22615,812202,39,1,1,0,0,90,89,0,564,26747,16.45,14310.0,Savings Potential,Fixed Deposit / Savings
C100457,27,84879,66220,1429860,25,0,1,1,1,20,137,1,542,18659,16.85,20132.0,Credit Potential,Digital Banking Onboarding
C100458,49,48620,32779,515032,31,0,0,1,1,70,36,1,523,15841,10.59,10922.0,Mass Retail,Relationship Deepening
C100459,58,64950,36379,553150,37,1,1,0,1,49,8,0,584,28571,8.52,12608.0,Savings Potential,Fixed Deposit / Savings
C100460,25,111806,49648,1452253,37,1,0,1,1,32,50,0,583,62158,12.99,21940.0,Mass Retail,Digital Banking Onboarding
C100461,53,47828,24847,729450,30,1,1,0,1,45,39,1,539,22981,15.25,11676.0,Mass Retail,Relationship Deepening
C100462,27,101242,71060,1070195,42,1,1,0,0,87,144,1,585,30182,10.57,22205.0,Digitally Active,Fixed Deposit / Savings
C100463,54,94345,42661,1217020,38,0,1,1,1,89,147,0,615,51684,12.9,21778.0,Digitally Active,Relationship Deepening
C100464,39,38446,15255,528454,29,0,1,1,1,39,115,0,564,23191,13.75,11733.0,Credit Potential,Relationship Deepening
C100465,21,111055,88180,1388047,50,1,0,1,1,49,164,0,661,22875,12.5,25758.0,Mass Retail,Relationship Deepening
C100466,64,95450,69879,1306159,28,1,1,1,1,54,85,0,625,25571,13.68,19695.0,Mass Retail,Relationship Deepening
C100467,28,68748,30930,312595,36,0,1,0,1,73,45,0,512,37818,4.55,12850.0,Savings Potential,Fixed Deposit / Savings
C100468,47,42739,21205,404839,35,1,1,0,1,51,61,0,546,21534,9.47,10918.0,Mass Retail,Relationship Deepening
C100469,29,40521,33877,445756,41,1,0,1,1,44,28,0,529,6644,11.0,10635.0,Mass Retail,Relationship Deepening
C100470,62,48360,34050,50397,35,1,0,0,0,89,162,2,520,14310,1.04,12588.0,Mass Retail,Relationship Deepening
C100471,54,87603,57403,1362345,34,1,0,0,1,42,109,0,641,30200,15.55,20335.0,Savings Potential,Fixed Deposit / Savings
C100472,57,38428,19361,436945,30,0,0,1,0,32,139,1,456,19067,11.37,12066.0,Mass Retail,Digital Banking Onboarding
C100473,40,82683,41306,264200,34,0,1,1,0,38,52,1,581,41377,3.2,14025.0,Credit Potential,Relationship Deepening
C100474,42,32833,12140,488486,31,1,0,1,1,38,130,1,566,20693,14.88,11587.0,Mass Retail,Relationship Deepening
C100475,49,58099,41497,766325,38,0,0,0,1,57,61,0,569,16602,13.19,14200.0,Mass Retail,Relationship Deepening
C100476,56,69041,25655,959048,34,0,0,0,1,66,81,0,588,43386,13.89,16165.0,Savings Potential,Fixed Deposit / Savings
C100477,59,249438,87909,1911870,36,1,1,0,0,21,118,0,711,161529,7.66,39141.0,Affluent,Investment / Wealth Product
C100478,21,30474,21781,472996,27,0,0,0,1,86,176,0,500,8693,15.52,12039.0,Mass Retail,Relationship Deepening
C100479,50,146057,120415,1174073,36,0,1,1,0,31,101,1,628,25642,8.04,25427.0,Affluent,Investment / Wealth Product
C100480,25,70584,51403,755152,37,0,0,0,1,19,128,0,560,19181,10.7,16979.0,Mass Retail,Digital Banking Onboarding
C100481,33,81494,47741,82384,27,1,0,0,0,67,108,0,561,33753,1.01,13879.0,Digitally Active,Fixed Deposit / Savings
C100482,58,69372,41139,829882,23,1,1,1,1,28,77,0,588,28233,11.96,14482.0,Mass Retail,Digital Banking Onboarding
C100483,32,83012,47157,1096507,31,0,0,1,0,74,168,0,593,35855,13.21,19987.0,Digitally Active,Relationship Deepening
C100484,56,59732,30602,635595,33,1,1,1,1,91,173,0,580,29130,10.64,16141.0,Mass Retail,Relationship Deepening
C100485,41,144621,88343,1365437,42,1,0,1,1,69,57,1,564,56278,9.44,25549.0,Affluent,Relationship Deepening
C100486,31,50568,28600,746842,29,0,0,1,0,76,161,0,558,21968,14.77,14969.0,Mass Retail,Relationship Deepening
C100487,36,121161,78643,1524604,45,1,0,1,1,52,82,1,649,42518,12.58,24765.0,Affluent,Relationship Deepening
C100488,44,45604,36440,261183,35,0,0,1,1,39,133,0,523,9164,5.73,12430.0,Mass Retail,Relationship Deepening
C100489,55,62881,53292,1088113,30,0,1,0,1,62,94,2,582,9589,17.3,15991.0,Credit Potential,Relationship Deepening
C100490,48,36046,14035,469452,33,0,1,1,0,40,138,0,493,22011,13.02,12232.0,Credit Potential,Relationship Deepening
C100491,62,83484,45277,1485588,29,0,1,1,1,85,157,0,594,38207,17.79,21116.0,Digitally Active,Relationship Deepening
C100492,60,143913,63372,2520118,35,1,1,1,0,50,77,0,639,80541,17.51,29897.0,Affluent,Investment / Wealth Product
C100493,54,62293,32770,1035393,28,1,0,0,0,52,127,0,611,29523,16.62,16346.0,Savings Potential,Fixed Deposit / Savings
C100494,48,58329,28799,807351,29,0,0,1,1,67,92,0,607,29530,13.84,14262.0,Mass Retail,Relationship Deepening
C100495,34,35211,15397,400003,36,1,0,0,1,26,144,1,490,19814,11.36,12321.0,Mass Retail,Digital Banking Onboarding
C100496,39,57299,41945,225006,25,1,0,0,1,58,36,0,568,15354,3.93,10030.0,Mass Retail,Relationship Deepening
C100497,26,27068,16191,277094,30,0,0,0,1,74,132,1,536,10877,10.24,10115.0,Mass Retail,Relationship Deepening
C100498,37,39342,31853,551243,37,0,0,1,1,76,108,0,520,7489,14.01,12539.0,Mass Retail,Relationship Deepening
C100499,62,73635,26972,725641,43,1,0,1,1,29,82,0,574,46663,9.85,16616.0,Mass Retail,Digital Banking Onboarding
C100500,40,134269,51491,2116087,54,0,1,0,1,14,68,2,619,82778,15.76,28991.0,Affluent,Fixed Deposit / Savings
C100501,26,304738,168105,872816,40,0,1,0,0,26,127,0,676,136633,2.86,41140.0,Affluent,Investment / Wealth Product
C100502,50,47076,18366,351940,35,1,0,0,1,80,64,2,500,28710,7.48,11215.0,Savings Potential,Fixed Deposit / Savings
C100503,64,143137,68901,1374315,45,1,1,1,1,32,8,0,711,74236,9.6,24511.0,Affluent,Digital Banking Onboarding
C100504,60,74325,62657,620581,38,1,0,1,1,14,170,1,530,11668,8.35,17965.0,Mass Retail,Digital Banking Onboarding
C100505,33,59812,27183,170222,44,1,0,1,0,61,82,0,552,32629,2.85,13112.0,Mass Retail,Relationship Deepening
C100506,41,82460,37029,297679,38,0,0,0,1,85,32,0,566,45431,3.61,14037.0,Digitally Active,Fixed Deposit / Savings
C100507,44,67252,42827,1024881,46,0,0,1,1,29,42,0,552,24425,15.24,16475.0,Mass Retail,Credit Card
C100508,32,69069,41372,637819,38,1,1,0,0,13,149,1,530,27697,9.23,16983.0,Savings Potential,Fixed Deposit / Savings
C100509,33,51925,33244,94934,33,1,0,1,0,22,61,1,558,18681,1.83,10397.0,Mass Retail,Digital Banking Onboarding
C100510,31,30127,16219,38573,36,0,1,1,1,20,52,1,498,13908,1.28,8067.0,Credit Potential,Digital Banking Onboarding
C100511,65,27810,21230,251654,43,0,0,1,0,27,89,0,553,6580,9.05,10313.0,Mass Retail,Credit Card
C100512,54,93100,39036,353261,26,0,0,1,1,25,8,2,587,54064,3.79,13523.0,Mass Retail,Digital Banking Onboarding
C100513,58,55824,31496,724993,26,0,1,0,0,64,102,0,543,24328,12.99,13632.0,Credit Potential,Relationship Deepening
C100514,57,46831,32542,680005,35,1,0,1,0,29,10,0,509,14289,14.52,11153.0,Mass Retail,Digital Banking Onboarding
C100515,64,65305,51207,318756,24,1,1,0,1,57,150,1,599,14098,4.88,13956.0,Mass Retail,Relationship Deepening
C100516,25,100645,53824,1113840,49,0,1,1,1,44,78,1,555,46821,11.07,21370.0,Credit Potential,Credit Card
C100517,60,71779,45499,260238,32,0,1,0,0,66,41,0,586,26280,3.63,12444.0,Digitally Active,Fixed Deposit / Savings
C100518,23,45311,17425,279159,34,1,0,0,0,66,83,0,480,27886,6.16,11123.0,Savings Potential,Fixed Deposit / Savings
C100519,42,127593,55523,2055468,57,0,1,1,1,60,34,0,638,72070,16.11,27531.0,Affluent,Credit Card
C100520,47,154925,59579,1587927,48,1,0,1,1,86,59,1,579,95346,10.25,28119.0,Affluent,Relationship Deepening
C100521,37,85319,60912,1370227,27,0,1,1,0,26,26,1,558,24407,16.06,17363.0,Credit Potential,Digital Banking Onboarding
C100522,27,111041,54858,536242,21,1,0,0,1,55,121,0,540,56183,4.83,18374.0,Savings Potential,Fixed Deposit / Savings
C100523,29,128698,91616,850744,37,0,0,0,1,43,175,1,536,37082,6.61,24348.0,Affluent,Fixed Deposit / Savings
C100524,58,121018,46374,1089913,54,0,0,0,0,55,88,0,598,74644,9.01,24061.0,Affluent,Investment / Wealth Product
C100525,35,91117,71187,834754,30,0,1,0,0,22,20,0,482,19930,9.16,15951.0,Credit Potential,Digital Banking Onboarding
C100526,34,90331,69353,1622342,29,1,1,1,0,37,16,0,540,20978,17.96,18822.0,Mass Retail,Relationship Deepening
C100527,62,86505,34123,254806,27,1,1,0,1,90,150,1,576,52382,2.95,16120.0,Digitally Active,Fixed Deposit / Savings
C100528,27,35547,12864,550386,39,1,0,0,1,78,64,0,522,22683,15.48,11256.0,Mass Retail,Relationship Deepening
C100529,62,95563,36137,1498675,47,0,0,1,1,46,55,0,566,59426,15.68,21626.0,Mass Retail,Credit Card
C100530,62,30836,23954,320832,26,0,1,0,0,19,21,0,548,6882,10.4,7492.0,Credit Potential,Digital Banking Onboarding
C100531,47,41987,19623,287553,24,1,0,0,0,65,120,2,457,22364,6.85,10749.0,Mass Retail,Relationship Deepening
C100532,28,133133,83093,1308276,54,0,0,0,1,35,14,0,624,50040,9.83,24296.0,Affluent,Fixed Deposit / Savings
C100533,28,103183,58105,616206,32,1,0,1,0,38,163,0,556,45078,5.97,20058.0,Mass Retail,Relationship Deepening
C100534,33,147298,110144,2148313,47,0,1,0,1,18,39,1,604,37154,14.58,28998.0,Affluent,Fixed Deposit / Savings
C100535,46,55978,33276,530157,23,0,0,1,1,34,15,0,536,22702,9.47,10393.0,Mass Retail,Digital Banking Onboarding
C100536,27,34489,20705,577328,31,0,0,1,0,28,127,0,600,13784,16.74,12033.0,Mass Retail,Digital Banking Onboarding
C100537,41,56948,48096,659791,26,0,0,1,1,12,65,1,495,8852,11.59,12559.0,Mass Retail,Digital Banking Onboarding
C100538,26,68752,29224,669879,25,1,1,1,0,60,126,0,544,39528,9.74,15205.0,Mass Retail,Relationship Deepening
C100539,45,67886,51957,888505,31,0,1,0,1,93,10,2,547,15929,13.09,13693.0,Credit Potential,Relationship Deepening
C100540,21,121257,45577,1160048,43,0,0,0,0,20,155,1,529,75680,9.57,24941.0,Affluent,Investment / Wealth Product
C100541,52,53287,31377,872657,29,1,1,0,1,14,57,0,495,21910,16.38,13144.0,Mass Retail,Digital Banking Onboarding
C100542,23,78886,62570,326240,29,1,0,0,0,18,136,0,511,16316,4.14,15494.0,Mass Retail,Digital Banking Onboarding
C100543,29,37737,25760,662169,32,1,1,0,0,56,168,1,525,11977,17.55,13822.0,Mass Retail,Relationship Deepening
C100544,28,83268,57672,1232966,38,0,1,1,0,81,97,0,550,25596,14.81,19484.0,Digitally Active,Relationship Deepening
C100545,58,65111,31361,1017849,28,0,1,1,1,36,62,0,559,33750,15.63,14932.0,Credit Potential,Relationship Deepening
C100546,23,43034,24068,396319,30,1,1,0,0,20,58,1,522,18966,9.21,10339.0,Mass Retail,Digital Banking Onboarding
C100547,40,57093,30447,869665,34,0,0,1,1,18,124,0,515,26646,15.23,15688.0,Mass Retail,Digital Banking Onboarding
C100548,47,58738,35873,365067,33,0,1,0,1,62,4,1,517,22865,6.22,10734.0,Credit Potential,Relationship Deepening
C100549,44,56025,32557,781727,35,1,0,1,0,40,28,0,491,23468,13.95,12929.0,Mass Retail,Relationship Deepening
C100550,51,172195,88413,583335,37,1,0,1,0,40,117,0,637,83782,3.39,26178.0,Mass Retail,Relationship Deepening
C100551,57,61574,30956,382984,29,0,1,0,0,30,7,0,556,30618,6.22,10764.0,Savings Potential,Fixed Deposit / Savings
C100552,38,56840,27023,487545,29,0,0,0,0,87,54,0,560,29817,8.58,11884.0,Savings Potential,Fixed Deposit / Savings
C100553,58,20507,10921,132877,35,0,0,0,1,42,117,1,456,9586,6.48,9007.0,Mass Retail,Relationship Deepening
C100554,35,39749,16892,301266,42,1,1,0,0,70,47,0,507,22857,7.58,10555.0,Mass Retail,Relationship Deepening
C100555,65,56244,44211,840383,23,0,1,0,1,73,167,1,500,12033,14.94,15461.0,Credit Potential,Relationship Deepening
C100556,43,44575,29021,239076,43,0,1,0,1,15,175,1,495,15554,5.36,14089.0,Credit Potential,Credit Card
C100557,54,138980,57940,1899819,47,1,1,1,0,31,8,0,690,81040,13.67,26397.0,Affluent,Investment / Wealth Product
C100558,60,59363,41372,133751,25,1,0,0,0,87,33,0,532,17991,2.25,9796.0,Mass Retail,Relationship Deepening
C100559,56,132030,102169,1850744,54,0,1,1,1,85,163,0,586,29861,14.02,30081.0,Affluent,Credit Card
C100560,59,67244,31522,972641,29,0,1,0,1,45,8,1,527,35722,14.46,13715.0,Savings Potential,Fixed Deposit / Savings
C100561,45,66345,28216,519404,39,0,1,1,1,23,89,0,489,38129,7.83,14837.0,Credit Potential,Digital Banking Onboarding
C100562,22,61902,21932,822187,35,0,0,1,1,35,171,0,486,39970,13.28,17254.0,Mass Retail,Relationship Deepening
C100563,43,65136,24336,1078477,29,0,0,1,1,91,107,0,580,40800,16.56,16403.0,Mass Retail,Relationship Deepening
C100564,29,167289,122309,2444451,43,1,1,1,1,67,57,0,601,44980,14.61,32232.0,Affluent,Relationship Deepening
C100565,61,18149,15310,138613,32,0,1,1,0,16,4,0,526,2839,7.64,5669.0,Credit Potential,Digital Banking Onboarding
C100566,31,21618,8051,199572,31,0,0,1,0,71,72,0,496,13567,9.23,7860.0,Mass Retail,Relationship Deepening
C100567,31,48214,34908,687001,33,0,0,0,1,22,98,1,489,13306,14.25,13319.0,Mass Retail,Digital Banking Onboarding
C100568,32,65521,25287,391432,33,0,1,0,0,36,17,0,539,40234,5.97,11843.0,Savings Potential,Fixed Deposit / Savings
C100569,49,95006,61380,1393365,41,0,0,1,1,51,96,0,558,33626,14.67,21574.0,Mass Retail,Credit Card
C100570,46,84317,61386,554572,33,0,1,0,0,40,74,2,553,22931,6.58,15800.0,Credit Potential,Relationship Deepening
C100571,63,52618,27866,773577,32,1,0,0,0,70,60,0,532,24752,14.7,13056.0,Mass Retail,Relationship Deepening
C100572,39,113848,40469,281842,46,1,0,0,0,23,175,0,554,73379,2.48,21487.0,Savings Potential,Fixed Deposit / Savings
C100573,33,114548,74181,201004,39,1,0,0,1,85,161,0,544,40367,1.75,20184.0,Digitally Active,Fixed Deposit / Savings
C100574,23,71925,60821,1291801,20,1,0,0,1,61,125,2,539,11104,17.96,17485.0,Mass Retail,Relationship Deepening
C100575,21,110371,52847,1741742,38,1,0,1,1,36,107,1,589,57524,15.78,24479.0,Mass Retail,Relationship Deepening
C100576,37,75516,33585,1208888,28,1,0,0,1,92,86,1,453,41931,16.01,17337.0,Digitally Active,Fixed Deposit / Savings
C100577,62,47731,19663,819617,34,0,0,0,0,51,15,0,562,28068,17.17,11827.0,Savings Potential,Fixed Deposit / Savings
C100578,44,95410,59882,806348,31,1,1,0,0,45,57,1,493,35528,8.45,17291.0,Savings Potential,Fixed Deposit / Savings
C100579,61,69077,44777,405912,34,0,1,1,0,11,4,0,545,24300,5.88,12031.0,Credit Potential,Digital Banking Onboarding
C100580,25,65048,48535,208831,31,0,0,0,1,95,67,0,517,16513,3.21,12115.0,Mass Retail,Relationship Deepening
C100581,25,146132,106170,1391260,47,0,0,1,1,82,86,1,577,39962,9.52,27028.0,Affluent,Credit Card
C100582,58,18000,14333,85335,36,1,0,1,1,25,111,0,529,3667,4.74,8516.0,Mass Retail,Digital Banking Onboarding
C100583,25,29805,22439,503827,20,0,0,0,0,91,65,1,511,7366,16.9,8621.0,Mass Retail,Relationship Deepening
C100584,23,33835,16025,36138,31,1,0,0,0,78,48,0,466,17810,1.07,7828.0,Mass Retail,Relationship Deepening
C100585,39,53228,33424,182805,31,0,0,0,0,46,128,0,495,19804,3.43,12354.0,Mass Retail,Relationship Deepening
C100586,62,56506,28180,293273,24,1,0,0,0,89,29,1,527,28326,5.19,9949.0,Savings Potential,Fixed Deposit / Savings
C100587,52,28371,14608,124328,28,1,1,0,1,58,25,0,461,13763,4.38,6759.0,Mass Retail,Relationship Deepening
C100588,25,37809,30851,182929,30,0,0,0,1,69,126,0,484,6958,4.84,10663.0,Mass Retail,Relationship Deepening
C100589,58,40485,27973,492003,37,1,0,0,1,25,106,2,548,12512,12.15,12367.0,Mass Retail,Digital Banking Onboarding
C100590,58,251130,210270,1649347,47,0,0,1,0,19,156,2,625,40860,6.57,40310.0,Affluent,Investment / Wealth Product
C100591,57,175098,97785,2005819,45,0,1,1,0,55,133,0,656,77313,11.46,33358.0,Affluent,Investment / Wealth Product
C100592,61,51828,32067,836208,31,0,0,1,0,38,162,0,535,19761,16.13,15678.0,Mass Retail,Relationship Deepening
C100593,31,53219,31589,598367,40,1,0,0,0,94,120,1,579,21630,11.24,14715.0,Mass Retail,Relationship Deepening
C100594,65,34547,13945,442447,33,0,1,0,1,17,151,0,518,20602,12.81,12299.0,Credit Potential,Digital Banking Onboarding
C100595,35,22758,10659,164166,28,0,0,0,1,75,32,0,481,12099,7.21,6532.0,Mass Retail,Relationship Deepening
C100596,57,60953,37414,226474,41,1,1,0,1,61,96,0,508,23539,3.72,13501.0,Mass Retail,Relationship Deepening
C100597,47,37546,14406,242169,25,0,1,1,0,85,170,0,520,23140,6.45,11473.0,Credit Potential,Relationship Deepening
C100598,56,62036,50605,1078985,31,1,1,1,1,95,142,0,575,11431,17.39,17170.0,Mass Retail,Relationship Deepening
C100599,49,26958,11105,311924,32,0,1,1,0,84,74,0,485,15853,11.57,8993.0,Credit Potential,Relationship Deepening
C100600,49,42747,19193,244415,27,0,1,0,0,42,166,1,542,23554,5.72,12102.0,Credit Potential,Relationship Deepening
C100601,48,70537,51679,611239,28,1,0,0,0,69,58,0,563,18858,8.67,13749.0,Digitally Active,Relationship Deepening
C100602,56,79504,31680,1208751,35,0,1,1,1,24,7,0,610,47824,15.2,16460.0,Credit Potential,Digital Banking Onboarding
C100603,54,81777,65433,1011054,34,0,1,0,1,51,143,0,564,16344,12.36,19197.0,Credit Potential,Relationship Deepening
C100604,27,31441,22413,331110,30,0,0,0,1,33,75,1,492,9028,10.53,9344.0,Mass Retail,Digital Banking Onboarding
C100605,58,104008,39971,1669091,43,0,0,1,1,31,9,2,567,64037,16.05,21602.0,Mass Retail,Credit Card
C100606,45,41857,29130,520350,26,1,1,0,1,59,39,0,579,12727,12.43,9842.0,Mass Retail,Relationship Deepening
C100607,35,92062,61296,1097965,36,0,1,1,1,20,15,0,574,30766,11.93,17573.0,Credit Potential,Digital Banking Onboarding
C100608,44,64621,47088,273091,39,1,0,1,0,58,179,0,538,17533,4.23,15929.0,Mass Retail,Relationship Deepening
C100609,64,30489,23297,85632,26,1,0,1,1,44,153,0,509,7192,2.81,9816.0,Mass Retail,Relationship Deepening
C100610,59,54624,38738,950868,31,1,0,1,0,29,167,0,541,15886,17.41,16541.0,Mass Retail,Digital Banking Onboarding
C100611,58,79467,51104,888484,21,0,1,1,0,58,35,0,583,28363,11.18,14476.0,Credit Potential,Relationship Deepening
C100612,41,91060,46553,734546,33,1,0,1,1,74,144,0,594,44507,8.07,18944.0,Digitally Active,Relationship Deepening
C100613,56,60150,42023,662455,33,0,1,0,0,62,102,0,530,18127,11.01,14515.0,Credit Potential,Relationship Deepening
C100614,38,150937,125050,309543,53,0,1,0,0,17,55,0,598,25887,2.05,23007.0,Savings Potential,Fixed Deposit / Savings
C100615,51,113128,72827,1694221,48,1,0,1,0,58,121,0,619,40301,14.98,25915.0,Mass Retail,Relationship Deepening
C100616,49,56443,38504,264320,38,1,1,1,0,63,171,1,530,17939,4.68,14777.0,Mass Retail,Relationship Deepening
C100617,32,98195,55830,1441234,21,0,0,0,1,68,84,0,521,42365,14.68,19784.0,Digitally Active,Fixed Deposit / Savings
C100618,32,188288,137085,1898780,38,1,0,1,1,46,8,0,623,51203,10.08,30424.0,Affluent,Relationship Deepening
C100619,23,191073,162189,1089444,46,0,0,1,0,18,152,1,564,28884,5.7,31865.0,Affluent,Investment / Wealth Product
C100620,27,33082,14232,50072,23,0,0,0,1,20,36,0,497,18850,1.51,6708.0,Mass Retail,Digital Banking Onboarding
C100621,40,39048,17619,580613,23,1,1,1,1,38,35,0,492,21429,14.87,9402.0,Mass Retail,Relationship Deepening
C100622,42,147097,91159,588362,43,0,0,0,0,64,112,0,584,55938,4.0,24163.0,Savings Potential,Fixed Deposit / Savings
C100623,28,36319,21453,68304,34,0,0,0,0,73,144,0,458,14866,1.88,10905.0,Mass Retail,Relationship Deepening
C100624,39,31406,19967,434967,41,0,0,0,0,67,143,0,500,11439,13.85,12555.0,Mass Retail,Credit Card
C100625,48,49749,18633,345789,28,0,1,0,0,36,156,0,493,31116,6.95,13058.0,Savings Potential,Fixed Deposit / Savings
C100626,31,81901,45221,623978,34,1,1,0,1,47,159,1,556,36680,7.62,18061.0,Savings Potential,Fixed Deposit / Savings
C100627,36,61440,39413,319500,41,1,1,1,1,14,25,0,547,22027,5.2,12147.0,Mass Retail,Digital Banking Onboarding
C100628,37,45448,29205,709269,36,0,0,0,0,78,56,0,534,16243,15.61,12382.0,Mass Retail,Relationship Deepening
C100629,43,44861,30446,271616,35,1,0,0,1,40,130,0,512,14415,6.05,12323.0,Mass Retail,Relationship Deepening
C100630,37,43930,31195,200905,37,0,1,1,1,53,72,2,408,12735,4.57,10697.0,Credit Potential,Relationship Deepening
C100631,54,40071,26879,250735,23,0,1,0,0,48,129,1,493,13192,6.26,10535.0,Credit Potential,Relationship Deepening
C100632,35,227986,169877,1015347,30,1,1,1,0,34,83,0,636,58109,4.45,31935.0,Affluent,Investment / Wealth Product
C100633,40,76556,50709,489967,27,1,0,1,0,24,82,0,556,25847,6.4,14365.0,Mass Retail,Digital Banking Onboarding
C100634,38,105859,65500,255110,41,1,1,0,1,92,7,0,583,40359,2.41,15881.0,Digitally Active,Fixed Deposit / Savings
C100635,29,49670,32439,183530,30,0,0,1,1,20,110,0,524,17231,3.69,11451.0,Mass Retail,Digital Banking Onboarding
C100636,51,58681,23507,474721,29,0,0,0,0,91,155,0,588,35174,8.09,14542.0,Savings Potential,Fixed Deposit / Savings
C100637,31,43901,21361,700259,27,0,0,0,0,19,147,0,503,22540,15.95,13566.0,Mass Retail,Digital Banking Onboarding
C100638,34,18000,11047,35531,27,0,0,0,0,18,62,1,451,6953,1.97,6192.0,Mass Retail,Digital Banking Onboarding
C100639,56,30462,23958,140597,36,1,1,0,0,87,122,0,556,6504,4.62,10259.0,Mass Retail,Relationship Deepening
C100640,63,24012,16557,394800,36,0,1,1,0,91,38,1,515,7455,16.44,8530.0,Credit Potential,Relationship Deepening
C100641,51,18859,8000,304205,31,0,0,0,0,86,115,0,503,10859,16.13,9078.0,Mass Retail,Relationship Deepening
C100642,62,33681,21763,422721,27,1,0,1,1,76,75,0,598,11918,12.55,9634.0,Mass Retail,Relationship Deepening
C100643,59,134708,62083,685403,46,1,0,1,0,52,167,0,629,72625,5.09,24987.0,Mass Retail,Relationship Deepening
C100644,42,63431,45480,516121,38,0,0,1,0,19,128,0,534,17951,8.14,15408.0,Mass Retail,Digital Banking Onboarding
C100645,55,132184,100952,606826,38,0,1,0,1,60,15,0,578,31232,4.59,19821.0,Savings Potential,Fixed Deposit / Savings
C100646,35,81486,52699,259614,37,0,1,0,0,54,157,0,588,28787,3.19,16812.0,Savings Potential,Fixed Deposit / Savings
C100647,41,99962,64544,745717,32,0,0,1,0,73,131,0,579,35418,7.46,19454.0,Digitally Active,Relationship Deepening
C100648,45,39603,20565,427271,35,0,0,0,0,13,41,2,489,19038,10.79,10194.0,Mass Retail,Digital Banking Onboarding
C100649,64,86709,49695,617270,30,0,1,0,0,16,53,3,547,37014,7.12,15465.0,Savings Potential,Fixed Deposit / Savings
C100650,59,97046,75895,1104768,37,0,1,1,1,60,33,0,624,21151,11.38,18649.0,Credit Potential,Relationship Deepening
C100651,43,47334,33686,285724,32,0,1,1,0,83,57,0,544,13648,6.04,10501.0,Credit Potential,Relationship Deepening
C100652,50,88423,53927,608304,21,0,1,1,1,90,170,1,580,34496,6.88,17626.0,Digitally Active,Relationship Deepening
C100653,30,88747,47401,1281637,32,1,0,1,1,58,162,1,566,41346,14.44,21251.0,Mass Retail,Relationship Deepening
C100654,57,48045,18026,765418,35,0,1,0,0,41,100,0,568,30019,15.93,13866.0,Savings Potential,Fixed Deposit / Savings
C100655,45,35053,14775,226954,32,0,0,0,0,50,67,0,491,20278,6.47,9288.0,Mass Retail,Relationship Deepening
C100656,44,33890,15132,363156,28,0,0,0,0,53,67,1,563,18758,10.72,9317.0,Mass Retail,Relationship Deepening
C100657,55,68167,36585,390514,29,1,0,1,1,63,172,1,490,31582,5.73,15579.0,Mass Retail,Relationship Deepening
C100658,49,77808,63964,148355,35,0,1,1,0,29,38,0,558,13844,1.91,12824.0,Credit Potential,Digital Banking Onboarding
C100659,24,42035,25329,569301,36,1,0,0,0,43,137,0,466,16706,13.54,13506.0,Mass Retail,Relationship Deepening
C100660,33,65957,30830,257700,30,0,0,0,0,56,179,0,526,35127,3.91,15102.0,Savings Potential,Fixed Deposit / Savings
C100661,28,88960,35840,732770,35,1,1,0,1,83,154,1,515,53120,8.24,19177.0,Digitally Active,Fixed Deposit / Savings
C100662,54,91322,47410,847448,32,0,1,1,1,79,130,0,583,43912,9.28,18972.0,Digitally Active,Relationship Deepening
C100663,22,152615,115662,631220,42,1,1,0,1,74,162,0,602,36953,4.14,26036.0,Digitally Active,Fixed Deposit / Savings
C100664,30,131201,71068,342098,41,1,1,0,1,28,41,0,541,60133,2.61,19613.0,Savings Potential,Fixed Deposit / Savings
C100665,47,37475,27591,259186,33,0,0,1,0,44,177,0,519,9884,6.92,12509.0,Mass Retail,Relationship Deepening
C100666,52,164081,123283,2820364,50,0,1,0,1,57,19,0,726,40798,17.19,33165.0,Affluent,Fixed Deposit / Savings
C100667,43,48538,19678,556116,31,0,0,0,0,93,5,1,468,28860,11.46,10303.0,Savings Potential,Fixed Deposit / Savings
C100668,59,115477,75560,864223,44,0,0,1,0,40,38,2,534,39917,7.48,20355.0,Mass Retail,Credit Card
C100669,62,67477,55975,112111,28,0,0,0,1,88,110,0,580,11502,1.66,12746.0,Mass Retail,Relationship Deepening
C100670,26,51816,28554,580583,31,1,0,0,1,74,46,0,524,23262,11.2,11754.0,Mass Retail,Relationship Deepening
C100671,63,24050,9030,61771,43,0,0,0,0,64,115,0,524,15020,2.57,9827.0,Mass Retail,Credit Card
C100672,48,59147,48007,604675,23,1,0,1,0,70,22,0,581,11140,10.22,11183.0,Mass Retail,Relationship Deepening
C100673,49,27570,21831,380001,33,1,0,0,0,78,126,0,490,5739,13.78,10727.0,Mass Retail,Relationship Deepening
C100674,25,110653,67617,907462,44,0,1,1,0,70,43,0,552,43036,8.2,20170.0,Digitally Active,Credit Card
C100675,48,149698,93730,911663,48,0,0,1,0,67,95,0,593,55968,6.09,25791.0,Affluent,Investment / Wealth Product
C100676,53,41934,19116,75712,34,0,0,1,1,42,23,0,511,22818,1.81,8471.0,Mass Retail,Relationship Deepening
C100677,47,76744,58304,109070,35,0,1,0,1,46,174,0,591,18440,1.42,15961.0,Credit Potential,Relationship Deepening
C100678,24,43616,26139,362468,38,0,0,1,0,61,69,0,449,17477,8.31,11336.0,Mass Retail,Relationship Deepening
C100679,44,46004,16881,736834,24,1,0,0,0,82,110,0,494,29123,16.02,12698.0,Savings Potential,Fixed Deposit / Savings
C100680,63,99520,68819,512436,34,0,1,1,1,65,89,0,535,30701,5.15,17627.0,Digitally Active,Relationship Deepening
C100681,53,63637,52516,684664,24,0,0,0,0,94,108,0,603,11121,10.76,14202.0,Mass Retail,Relationship Deepening
C100682,27,169219,129381,2137777,35,0,1,1,0,68,83,0,622,39838,12.63,31048.0,Affluent,Investment / Wealth Product
C100683,64,49857,24360,101415,34,0,0,0,0,45,15,0,527,25497,2.03,9166.0,Savings Potential,Fixed Deposit / Savings
C100684,64,112620,42420,405738,47,0,1,0,0,59,149,0,534,70200,3.6,21310.0,Savings Potential,Fixed Deposit / Savings
C100685,28,68578,56246,454786,29,0,0,0,0,63,116,0,523,12332,6.63,14477.0,Mass Retail,Relationship Deepening
C100686,57,100692,82419,1247732,44,0,1,1,1,84,47,1,610,18273,12.39,20635.0,Digitally Active,Credit Card
C100687,39,50828,31321,430189,28,1,0,1,1,32,17,0,536,19507,8.46,10029.0,Mass Retail,Digital Banking Onboarding
C100688,47,63252,42452,852723,39,0,0,1,0,31,160,0,549,20800,13.48,17636.0,Mass Retail,Digital Banking Onboarding
C100689,41,60999,35459,960688,32,1,1,1,1,27,61,2,459,25540,15.75,14668.0,Mass Retail,Digital Banking Onboarding
C100690,56,41040,22978,570146,24,0,1,1,1,14,163,0,526,18062,13.89,12860.0,Credit Potential,Digital Banking Onboarding
C100691,65,93553,38331,1671631,32,1,1,1,1,68,138,0,614,55222,17.87,22692.0,Digitally Active,Relationship Deepening
C100692,56,92947,37028,1284905,38,0,1,1,1,92,172,1,539,55919,13.82,22534.0,Digitally Active,Relationship Deepening
C100693,62,90093,42016,1395274,25,1,1,1,1,62,119,1,602,48077,15.49,20065.0,Mass Retail,Relationship Deepening
C100694,63,151369,116300,2293270,39,1,0,0,1,15,35,0,695,35069,15.15,29085.0,Affluent,Fixed Deposit / Savings
C100695,25,144247,61004,1935004,39,1,1,1,1,41,9,0,601,83243,13.41,26290.0,Affluent,Relationship Deepening
C100696,32,52888,24505,773778,28,0,0,1,0,87,46,0,557,28383,14.63,12334.0,Mass Retail,Relationship Deepening
C100697,53,79803,49822,1347849,47,0,0,1,1,14,80,0,578,29981,16.89,20072.0,Mass Retail,Credit Card
C100698,47,46127,21106,418769,32,0,0,0,1,62,113,1,553,25021,9.08,12313.0,Savings Potential,Fixed Deposit / Savings
C100699,23,65840,28417,780266,28,0,0,1,1,47,161,0,605,37423,11.85,16530.0,Mass Retail,Relationship Deepening
C100700,25,46736,29521,455866,37,0,0,0,0,89,27,1,458,17215,9.75,10872.0,Mass Retail,Relationship Deepening
C100701,44,158448,84619,2450814,46,1,0,1,0,54,115,1,666,73829,15.47,33123.0,Affluent,Investment / Wealth Product
C100702,48,79394,52644,661598,31,0,1,0,1,58,18,0,606,26750,8.33,14136.0,Savings Potential,Fixed Deposit / Savings
C100703,28,57655,46476,861093,36,0,1,0,1,72,88,1,482,11179,14.94,15010.0,Credit Potential,Relationship Deepening
C100704,28,125321,53324,1828310,46,1,0,1,0,80,16,2,550,71997,14.59,24845.0,Affluent,Investment / Wealth Product
C100705,26,19699,15891,341812,40,0,0,0,0,54,69,0,473,3808,17.35,9062.0,Mass Retail,Credit Card
C100706,46,21469,17202,112321,29,0,1,0,0,72,110,1,482,4267,5.23,8246.0,Credit Potential,Relationship Deepening
C100707,21,100695,76986,1315435,36,1,0,1,0,79,133,0,558,23709,13.06,22256.0,Digitally Active,Relationship Deepening
C100708,46,67198,44730,931878,27,0,0,0,1,55,145,1,532,22468,13.87,16772.0,Mass Retail,Relationship Deepening
C100709,42,74599,49241,1261979,35,1,0,1,0,71,95,0,597,25358,16.92,18383.0,Digitally Active,Relationship Deepening
C100710,41,31339,20985,514506,35,0,0,0,1,41,48,0,451,10354,16.42,9892.0,Mass Retail,Relationship Deepening
C100711,51,64175,44617,689874,25,1,1,1,1,40,164,0,519,19558,10.75,15777.0,Mass Retail,Relationship Deepening
C100712,44,195648,70089,2121921,27,1,1,1,0,10,168,0,699,125559,10.85,34952.0,Affluent,Investment / Wealth Product
C100713,53,102278,84793,393153,38,0,0,1,0,67,174,1,575,17485,3.84,19950.0,Digitally Active,Relationship Deepening
C100714,55,71359,45870,1254092,29,0,1,1,1,31,143,1,520,25489,17.57,18627.0,Credit Potential,Digital Banking Onboarding
C100715,62,51055,37818,272395,31,0,1,1,0,79,140,0,562,13237,5.34,12795.0,Credit Potential,Relationship Deepening
C100716,56,52320,28182,696925,31,1,0,0,1,91,16,1,577,24138,13.32,11520.0,Mass Retail,Relationship Deepening
C100717,44,20153,8000,292786,33,0,0,1,1,85,104,0,505,12153,14.53,9086.0,Mass Retail,Relationship Deepening
C100718,43,74895,45302,636659,35,0,1,0,1,33,75,0,517,29593,8.5,15411.0,Savings Potential,Fixed Deposit / Savings
C100719,31,103483,62462,475015,41,0,1,0,0,66,48,0,590,41021,4.59,17548.0,Digitally Active,Fixed Deposit / Savings
C100720,47,27325,15534,115101,35,1,0,1,1,74,15,0,570,11791,4.21,7068.0,Mass Retail,Relationship Deepening
C100721,27,45178,23486,702988,37,1,0,1,1,53,40,0,490,21692,15.56,12030.0,Mass Retail,Relationship Deepening
C100722,62,34391,16333,332999,34,1,1,0,1,53,164,0,533,18058,9.68,12271.0,Mass Retail,Relationship Deepening
C100723,59,38223,23460,96794,30,1,1,1,1,47,163,1,547,14763,2.53,11284.0,Mass Retail,Relationship Deepening
C100724,26,66940,35990,882899,49,1,0,1,1,36,134,1,526,30950,13.19,18476.0,Mass Retail,Relationship Deepening
C100725,56,20655,17246,108500,36,0,1,0,0,59,20,0,451,3409,5.25,6600.0,Credit Potential,Relationship Deepening
C100726,26,91125,39773,1448776,25,0,0,0,0,95,124,0,586,51352,15.9,20508.0,Digitally Active,Fixed Deposit / Savings
C100727,53,98397,50166,616231,32,0,1,1,0,28,25,0,542,48231,6.26,16130.0,Credit Potential,Digital Banking Onboarding
C100728,24,56615,28137,249368,38,0,1,1,0,14,123,0,471,28478,4.4,13534.0,Credit Potential,Digital Banking Onboarding
C100729,42,18000,11190,43967,35,0,0,0,1,14,8,0,437,6810,2.44,5676.0,Mass Retail,Digital Banking Onboarding
C100730,50,37576,22532,364335,18,0,1,0,1,60,53,1,549,15044,9.7,8340.0,Credit Potential,Relationship Deepening
C100731,53,128058,86038,1109307,54,1,0,1,0,33,24,0,581,42020,8.66,23243.0,Affluent,Investment / Wealth Product
C100732,39,18000,14850,247902,24,0,0,1,1,49,168,0,512,3150,13.77,9392.0,Mass Retail,Relationship Deepening
C100733,62,53691,26449,477758,33,0,1,0,1,91,103,0,569,27242,8.9,13155.0,Savings Potential,Fixed Deposit / Savings
C100734,55,33967,23654,232499,33,0,0,0,0,16,166,0,529,10313,6.84,11777.0,Mass Retail,Digital Banking Onboarding
C100735,30,101180,36680,551242,39,0,1,0,1,25,6,0,569,64500,5.45,16373.0,Savings Potential,Fixed Deposit / Savings
C100736,51,44839,21576,256859,33,1,0,0,1,28,133,2,506,23263,5.73,12136.0,Mass Retail,Digital Banking Onboarding
C100737,53,81171,47230,1361520,21,0,0,1,1,49,87,0,588,33941,16.77,17838.0,Mass Retail,Relationship Deepening
C100738,36,88712,32424,337666,35,0,0,1,0,69,86,0,523,56288,3.81,15872.0,Digitally Active,Relationship Deepening
C100739,54,178451,117569,3176241,43,1,1,1,1,25,157,0,668,60882,17.8,38775.0,Affluent,Digital Banking Onboarding
C100740,61,58135,40064,381228,24,1,0,1,0,19,11,0,545,18071,6.56,10013.0,Mass Retail,Digital Banking Onboarding
C100741,57,79935,57822,200048,25,0,1,1,1,17,170,0,552,22113,2.5,15544.0,Credit Potential,Digital Banking Onboarding
C100742,55,28720,17470,150143,25,0,0,0,1,78,8,0,533,11250,5.23,6173.0,Mass Retail,Relationship Deepening
C100743,49,125100,81562,249330,51,0,0,0,0,12,67,0,622,43538,1.99,20282.0,Savings Potential,Fixed Deposit / Savings
C100744,33,42782,23446,617360,30,1,0,1,1,63,27,0,534,19336,14.43,10423.0,Mass Retail,Relationship Deepening
C100745,56,47750,17697,463812,24,0,0,1,1,59,95,1,493,30053,9.71,11405.0,Mass Retail,Relationship Deepening
C100746,37,64209,25682,432051,41,0,1,1,0,18,108,0,459,38527,6.73,14949.0,Credit Potential,Credit Card
C100747,44,27517,18643,337215,27,0,0,0,0,57,116,0,486,8874,12.25,9701.0,Mass Retail,Relationship Deepening
C100748,35,73715,62494,864017,31,1,0,1,1,34,144,1,486,11221,11.72,17528.0,Mass Retail,Digital Banking Onboarding
C100749,35,110663,39607,1878825,40,1,0,0,1,54,135,0,577,71056,16.98,25957.0,Savings Potential,Fixed Deposit / Savings
C100750,28,76363,48017,1324247,30,1,0,1,1,21,170,0,567,28346,17.34,20183.0,Mass Retail,Digital Banking Onboarding
C100751,64,27126,19680,341018,28,1,0,1,1,67,82,0,532,7446,12.57,8927.0,Mass Retail,Relationship Deepening
C100752,27,60721,46354,904920,31,0,1,0,0,78,34,1,584,14367,14.9,13642.0,Credit Potential,Relationship Deepening
C100753,24,97759,60865,1414690,39,0,1,1,1,10,30,0,590,36894,14.47,20085.0,Credit Potential,Digital Banking Onboarding
C100754,63,23138,15270,216394,14,1,1,0,0,55,51,0,589,7868,9.35,5854.0,Mass Retail,Relationship Deepening
C100755,45,35991,25135,467010,25,1,0,0,0,65,109,0,548,10856,12.98,10692.0,Mass Retail,Relationship Deepening
C100756,40,105266,82053,245311,42,0,0,1,0,10,12,0,600,23213,2.33,16008.0,Mass Retail,Credit Card
C100757,54,75410,31004,1047170,25,0,0,1,1,72,172,0,560,44406,13.89,18530.0,Digitally Active,Relationship Deepening
C100758,38,81530,66291,1414641,29,1,0,1,0,56,178,0,535,15239,17.35,21162.0,Mass Retail,Relationship Deepening
C100759,26,180749,65613,441854,41,0,0,1,0,36,32,1,575,115136,2.44,24742.0,Mass Retail,Credit Card
C100760,53,84107,64603,1279603,28,1,1,1,1,51,141,0,583,19504,15.21,19854.0,Mass Retail,Relationship Deepening
C100761,28,93338,36250,1573738,42,1,0,1,0,68,108,1,537,57088,16.86,22529.0,Digitally Active,Relationship Deepening
C100762,45,288674,129128,1398685,48,1,1,0,1,65,88,0,688,159546,4.85,41462.0,Affluent,Fixed Deposit / Savings
C100763,63,57789,20339,573368,34,0,1,1,0,76,133,0,570,37450,9.92,14797.0,Credit Potential,Relationship Deepening
C100764,63,41911,24000,703000,26,1,0,0,1,12,104,0,512,17911,16.77,12203.0,Mass Retail,Digital Banking Onboarding
C100765,37,82243,42534,1424760,33,1,1,0,0,77,60,1,501,39709,17.32,18723.0,Digitally Active,Fixed Deposit / Savings
C100766,56,82751,35831,262651,23,1,1,0,0,13,102,1,502,46920,3.17,14176.0,Savings Potential,Fixed Deposit / Savings
C100767,48,48652,28001,337308,32,0,1,0,1,65,27,0,523,20651,6.93,10089.0,Credit Potential,Relationship Deepening
C100768,42,36839,20305,474067,29,0,0,0,1,40,48,0,487,16534,12.87,9680.0,Mass Retail,Relationship Deepening
C100769,27,231551,169919,1103688,31,1,0,0,1,15,175,0,653,61632,4.77,35045.0,Affluent,Fixed Deposit / Savings
C100770,37,77801,61973,507347,34,1,0,1,1,69,35,0,568,15828,6.52,14084.0,Digitally Active,Relationship Deepening
C100771,50,43451,29385,60655,21,0,1,0,0,57,108,1,524,14066,1.4,9388.0,Credit Potential,Relationship Deepening
C100772,65,107571,44341,388316,48,1,1,1,1,67,55,1,546,63230,3.61,18485.0,Digitally Active,Relationship Deepening
C100773,21,61213,30465,646383,33,1,0,0,1,42,85,0,480,30748,10.56,14132.0,Savings Potential,Fixed Deposit / Savings
C100774,53,56560,45625,684519,31,0,0,0,0,33,46,0,529,10935,12.1,12644.0,Mass Retail,Digital Banking Onboarding
C100775,59,88556,34924,1065464,30,0,0,1,1,63,103,0,609,53632,12.03,18692.0,Mass Retail,Relationship Deepening
C100776,63,31940,17676,454571,22,0,0,0,1,28,101,0,565,14264,14.23,9737.0,Mass Retail,Digital Banking Onboarding
C100777,40,78912,64807,636013,30,0,0,0,0,79,112,1,547,14105,8.06,16235.0,Digitally Active,Relationship Deepening
C100778,26,186142,153629,1051583,42,1,0,0,0,68,57,0,669,32513,5.65,28446.0,Affluent,Investment / Wealth Product
C100779,33,83997,46669,106246,39,1,1,0,1,95,105,0,598,37328,1.26,15350.0,Digitally Active,Fixed Deposit / Savings
C100780,59,52851,36134,238500,20,0,1,0,1,12,132,0,523,16717,4.51,11539.0,Credit Potential,Digital Banking Onboarding
C100781,60,49180,28444,310353,35,0,1,1,1,60,130,0,592,20736,6.31,12909.0,Credit Potential,Relationship Deepening
C100782,49,51868,37694,209003,21,0,0,0,1,57,103,0,522,14174,4.03,10698.0,Mass Retail,Relationship Deepening
C100783,26,56526,20677,75884,27,0,0,0,0,83,55,0,548,35849,1.34,10031.0,Savings Potential,Fixed Deposit / Savings
C100784,26,52804,22288,194141,33,0,0,1,0,46,97,1,519,30516,3.68,11782.0,Mass Retail,Relationship Deepening
C100785,42,107593,70700,1325947,35,1,1,1,0,90,98,0,523,36893,12.32,22013.0,Digitally Active,Relationship Deepening
C100786,47,25056,11683,293232,36,0,1,1,1,30,171,0,479,13373,11.7,11554.0,Credit Potential,Digital Banking Onboarding
C100787,22,104427,71326,1765506,42,1,1,1,1,83,69,0,542,33101,16.91,23430.0,Digitally Active,Relationship Deepening
C100788,51,52750,27726,768504,46,0,1,1,0,54,60,1,467,25024,14.57,14449.0,Credit Potential,Credit Card
C100789,45,79975,63446,851877,26,1,1,1,1,91,135,1,576,16529,10.65,17380.0,Digitally Active,Relationship Deepening
C100790,21,34972,26566,116752,26,0,0,0,0,28,115,0,567,8406,3.34,9439.0,Mass Retail,Digital Banking Onboarding
C100791,25,134981,80505,1429344,33,1,1,1,1,32,78,0,591,54476,10.59,24465.0,Affluent,Digital Banking Onboarding
C100792,41,128958,94971,263992,45,1,0,1,1,58,3,0,610,33987,2.05,18527.0,Mass Retail,Relationship Deepening
C100793,53,110185,53502,917296,46,1,1,1,1,57,127,2,608,56683,8.33,22463.0,Mass Retail,Relationship Deepening
C100794,58,28255,16872,215710,42,0,1,1,0,22,133,0,529,11383,7.63,11213.0,Credit Potential,Credit Card
C100795,40,102555,46021,848424,47,1,1,1,1,66,167,0,574,56534,8.27,22524.0,Digitally Active,Relationship Deepening
C100796,34,81212,63381,467538,30,0,0,0,0,44,91,1,519,17831,5.76,15266.0,Mass Retail,Relationship Deepening
C100797,64,26883,20472,340313,31,0,0,1,0,23,94,0,547,6411,12.66,9500.0,Mass Retail,Digital Banking Onboarding
C100798,41,64137,51379,981045,31,1,1,1,1,53,39,0,583,12758,15.3,14413.0,Mass Retail,Relationship Deepening
C100799,35,79430,62650,1117172,35,0,1,0,0,70,84,0,578,16780,14.06,18012.0,Digitally Active,Relationship Deepening
C100800,40,88255,73234,1030092,29,0,1,0,1,12,3,0,584,15021,11.67,15921.0,Credit Potential,Digital Banking Onboarding
C100801,21,71656,33261,727445,40,0,0,1,0,89,91,0,533,38395,10.15,16350.0,Digitally Active,Credit Card
C100802,34,76292,62247,116607,34,0,1,0,0,62,128,1,460,14045,1.53,14696.0,Credit Potential,Relationship Deepening
C100803,44,146185,92916,1942782,37,0,0,1,0,32,142,1,650,53269,13.29,29640.0,Affluent,Investment / Wealth Product
C100804,62,127575,71601,1309522,42,1,1,0,0,74,120,0,577,55974,10.26,25196.0,Affluent,Investment / Wealth Product
C100805,54,18000,11343,100847,36,0,1,0,0,82,145,0,530,6657,5.6,9428.0,Credit Potential,Relationship Deepening
C100806,56,54587,28456,358818,30,1,1,1,1,92,120,0,568,26131,6.57,12894.0,Mass Retail,Relationship Deepening
C100807,45,59372,29346,1003709,38,0,0,1,1,77,141,0,513,30026,16.91,17277.0,Mass Retail,Relationship Deepening
C100808,25,24797,11671,287999,26,0,0,0,0,27,80,0,473,13126,11.61,8232.0,Mass Retail,Digital Banking Onboarding
C100809,38,68456,26781,622298,36,0,0,1,1,24,109,0,618,41675,9.09,15660.0,Mass Retail,Digital Banking Onboarding
C100810,65,129180,77286,1492757,45,1,1,0,0,27,116,0,627,51894,11.56,26289.0,Affluent,Investment / Wealth Product
C100811,22,35758,28388,287266,38,0,0,0,0,85,104,1,439,7370,8.03,11125.0,Mass Retail,Relationship Deepening
C100812,60,78211,52016,703357,26,0,1,0,0,36,104,0,598,26195,8.99,15835.0,Savings Potential,Fixed Deposit / Savings
C100813,51,39279,23979,233130,37,0,1,1,1,38,141,0,497,15300,5.94,12085.0,Credit Potential,Relationship Deepening
C100814,33,44918,25347,380791,32,1,1,0,0,86,45,0,450,19571,8.48,10340.0,Mass Retail,Relationship Deepening
C100815,56,146490,85286,1853835,40,0,0,0,1,27,59,1,644,61204,12.66,27539.0,Affluent,Fixed Deposit / Savings
C100816,58,48230,21927,80979,25,1,1,0,1,44,94,2,464,26303,1.68,9997.0,Savings Potential,Fixed Deposit / Savings
C100817,22,83814,63822,1216604,30,0,0,1,1,35,117,0,568,19992,14.52,19173.0,Mass Retail,Relationship Deepening
C100818,25,23225,10432,134951,30,1,1,1,0,35,94,0,461,12793,5.81,8212.0,Mass Retail,Relationship Deepening
C100819,50,181030,128226,2281613,40,1,1,0,0,61,38,1,681,52804,12.6,32179.0,Affluent,Investment / Wealth Product
C100820,65,90545,66097,1079869,32,1,0,1,1,73,148,0,599,24448,11.93,20274.0,Digitally Active,Relationship Deepening
C100821,22,58792,37476,711075,26,1,0,1,1,32,99,0,436,21316,12.09,13798.0,Mass Retail,Digital Banking Onboarding
C100822,50,89205,69710,1011424,31,1,1,1,1,13,79,1,573,19495,11.34,18041.0,Mass Retail,Digital Banking Onboarding
C100823,27,29934,14833,517995,33,0,0,0,1,64,158,0,495,15101,17.3,12315.0,Mass Retail,Relationship Deepening
C100824,50,124559,98502,1200979,44,0,1,1,1,57,80,0,657,26057,9.64,23660.0,Affluent,Credit Card
C100825,49,54391,38873,731525,32,1,1,0,1,66,31,2,523,15518,13.45,12340.0,Mass Retail,Relationship Deepening
C100826,25,58099,43538,754860,31,0,0,0,0,48,177,0,556,14561,12.99,16354.0,Mass Retail,Relationship Deepening
C100827,51,49599,33841,248817,41,1,1,0,0,76,70,0,507,15758,5.02,11805.0,Mass Retail,Relationship Deepening
C100828,61,47230,36517,274699,38,0,0,1,0,63,161,0,511,10713,5.82,13647.0,Mass Retail,Relationship Deepening
C100829,59,95245,80630,781801,29,0,1,1,1,75,94,0,583,14615,8.21,17902.0,Digitally Active,Relationship Deepening
C100830,22,74824,41907,428057,31,1,0,0,0,72,45,0,518,32917,5.72,13420.0,Digitally Active,Fixed Deposit / Savings
C100831,32,93023,70415,672989,38,1,0,0,0,52,69,1,586,22608,7.23,17519.0,Mass Retail,Relationship Deepening
C100832,31,64686,46722,494613,34,0,0,1,0,37,164,0,527,17964,7.65,15947.0,Mass Retail,Relationship Deepening
C100833,41,86198,49688,971081,26,0,1,0,1,60,170,0,525,36510,11.27,19354.0,Savings Potential,Fixed Deposit / Savings
C100834,27,51626,41996,244610,34,0,0,1,0,64,27,0,485,9630,4.74,10216.0,Mass Retail,Relationship Deepening
C100835,59,221570,121246,3251092,46,1,0,1,1,59,177,0,767,100324,14.67,44186.0,Affluent,Personal Loan
C100836,55,27441,17363,231547,31,0,0,0,0,55,154,0,513,10078,8.44,10620.0,Mass Retail,Relationship Deepening
C100837,57,130048,52406,1691422,47,1,1,0,1,39,117,0,621,77642,13.01,27395.0,Affluent,Fixed Deposit / Savings
C100838,29,137929,63845,328894,44,0,1,0,1,21,35,0,615,74084,2.38,20383.0,Savings Potential,Fixed Deposit / Savings
C100839,21,40679,31337,365676,40,0,0,0,0,46,106,2,436,9342,8.99,12181.0,Mass Retail,Credit Card
C100840,61,221514,121451,327782,38,1,1,0,1,85,78,0,584,100063,1.48,29213.0,Digitally Active,Fixed Deposit / Savings
C100841,34,112382,61478,1403708,38,1,0,1,0,71,25,0,561,50904,12.49,21278.0,Digitally Active,Relationship Deepening
C100842,50,110887,52449,758809,30,1,0,1,1,74,177,2,559,58438,6.84,21549.0,Digitally Active,Relationship Deepening
C100843,61,66010,39329,1131225,31,0,1,0,1,73,109,0,565,26681,17.14,16951.0,Savings Potential,Fixed Deposit / Savings
C100844,22,57680,43428,375504,34,0,0,0,0,89,20,0,463,14252,6.51,11170.0,Mass Retail,Relationship Deepening
C100845,21,57929,46203,613158,27,0,1,0,0,29,63,0,558,11726,10.58,12521.0,Credit Potential,Digital Banking Onboarding
C100846,21,80574,31026,433134,36,0,0,0,0,71,151,0,540,49548,5.38,17165.0,Digitally Active,Fixed Deposit / Savings
C100847,28,140476,89541,1621367,44,1,1,1,1,15,81,0,625,50935,11.54,26958.0,Affluent,Digital Banking Onboarding
C100848,23,71816,41915,642017,30,1,0,0,1,31,90,0,549,29901,8.94,15000.0,Savings Potential,Fixed Deposit / Savings
C100849,57,39374,25874,287453,38,0,1,1,0,12,28,0,485,13500,7.3,9587.0,Credit Potential,Digital Banking Onboarding
C100850,48,102291,58678,456496,39,0,1,0,0,47,22,0,582,43613,4.46,16505.0,Savings Potential,Fixed Deposit / Savings
C100851,65,107880,59261,312406,33,1,0,1,1,22,176,0,617,48619,2.9,19738.0,Mass Retail,Digital Banking Onboarding
C100852,57,93172,54593,283052,38,0,0,0,0,43,171,1,590,38579,3.04,18524.0,Savings Potential,Fixed Deposit / Savings
C100853,64,97946,62783,1761421,27,1,1,1,1,21,19,0,639,35163,17.98,20015.0,Mass Retail,Digital Banking Onboarding
C100854,31,56001,33628,448531,32,1,0,1,0,13,100,1,525,22373,8.01,13094.0,Mass Retail,Digital Banking Onboarding
C100855,33,38995,22854,40275,36,0,0,0,0,51,123,0,444,16141,1.03,10736.0,Mass Retail,Relationship Deepening
C100856,59,40321,30601,693519,35,0,1,0,1,45,158,0,542,9720,17.2,14256.0,Credit Potential,Relationship Deepening
C100857,32,26440,19112,35421,29,0,1,1,0,45,102,0,462,7328,1.34,8236.0,Credit Potential,Relationship Deepening
C100858,23,74048,38556,600968,45,0,0,1,1,39,156,1,562,35492,8.12,18209.0,Mass Retail,Credit Card
C100859,51,62084,46581,819332,35,1,1,1,0,45,24,0,594,15503,13.2,13586.0,Mass Retail,Relationship Deepening
C100860,57,51029,39641,844437,32,0,1,1,1,10,5,0,519,11388,16.55,11806.0,Credit Potential,Digital Banking Onboarding
C100861,64,18000,8000,236143,32,0,0,0,1,51,85,2,482,10000,13.12,8070.0,Mass Retail,Relationship Deepening
C100862,62,32732,20993,290717,27,0,0,1,0,82,49,0,538,11739,8.88,8361.0,Mass Retail,Relationship Deepening
C100863,26,120404,59318,2114952,51,1,1,1,0,21,136,0,639,61086,17.57,29000.0,Affluent,Investment / Wealth Product
C100864,55,45098,32452,75243,34,0,0,0,0,22,62,1,451,12646,1.67,9761.0,Mass Retail,Digital Banking Onboarding
C100865,59,79258,37203,1408989,39,0,0,1,1,77,75,0,511,42055,17.78,19337.0,Digitally Active,Relationship Deepening
C100866,52,30250,20743,467056,30,0,0,0,0,53,97,0,526,9507,15.44,10318.0,Mass Retail,Relationship Deepening
C100867,57,143405,68485,2408036,46,1,0,1,1,32,173,1,550,74920,16.79,32898.0,Affluent,Digital Banking Onboarding
C100868,58,60050,36364,320133,32,0,0,0,0,77,15,0,552,23686,5.33,10861.0,Mass Retail,Relationship Deepening
C100869,41,76242,62848,260883,36,0,0,0,0,37,100,1,545,13394,3.42,14768.0,Mass Retail,Relationship Deepening
C100870,22,233590,126291,2867631,44,1,0,1,1,61,71,0,746,107299,12.28,41005.0,Affluent,Personal Loan
C100871,41,149669,117920,1462212,35,0,0,1,0,57,9,0,602,31749,9.77,24541.0,Affluent,Investment / Wealth Product
C100872,30,54914,46319,543315,40,0,0,0,1,24,147,0,532,8595,9.89,15340.0,Mass Retail,Credit Card
C100873,26,46905,36934,784176,28,1,0,0,0,74,164,0,546,9971,16.72,14727.0,Mass Retail,Relationship Deepening
C100874,26,54344,23527,627207,45,1,0,0,1,63,33,0,483,30817,11.54,13268.0,Savings Potential,Fixed Deposit / Savings
C100875,52,86042,65377,541037,32,0,0,0,0,27,137,0,597,20665,6.29,17393.0,Mass Retail,Digital Banking Onboarding
C100876,43,61345,22457,478561,37,0,0,0,0,75,127,0,549,38888,7.8,14924.0,Savings Potential,Fixed Deposit / Savings
C100877,45,52300,28590,170992,28,1,0,0,1,63,127,1,488,23710,3.27,11889.0,Mass Retail,Relationship Deepening
C100878,54,145669,114404,621910,41,1,1,0,1,83,84,0,616,31265,4.27,23255.0,Digitally Active,Fixed Deposit / Savings
C100879,45,61043,42387,209800,32,0,0,0,0,80,59,0,529,18656,3.44,11618.0,Mass Retail,Relationship Deepening
C100880,49,230249,141919,3401918,44,1,0,1,0,37,15,0,763,88330,14.77,41408.0,Affluent,Investment / Wealth Product
C100881,24,68326,37165,887071,32,0,0,0,1,90,9,0,527,31161,12.98,13806.0,Savings Potential,Fixed Deposit / Savings
C100882,59,173523,131209,1737987,45,0,0,1,0,12,34,0,670,42314,10.02,29654.0,Affluent,Investment / Wealth Product
C100883,41,79116,55759,582629,31,1,0,0,1,38,96,0,531,23357,7.36,15742.0,Mass Retail,Relationship Deepening
C100884,27,110390,64490,1364901,43,0,0,1,1,62,27,0,550,45900,12.36,21474.0,Mass Retail,Credit Card
C100885,57,43635,34744,646639,40,1,1,1,1,55,124,0,548,8891,14.82,14050.0,Mass Retail,Relationship Deepening
C100886,54,40643,18898,649510,28,0,0,1,1,29,112,1,489,21745,15.98,12262.0,Mass Retail,Digital Banking Onboarding
C100887,23,83699,36425,862038,28,0,1,1,0,27,63,1,559,47274,10.3,16193.0,Credit Potential,Digital Banking Onboarding
C100888,29,111954,75166,1672380,37,0,0,1,1,77,18,0,614,36788,14.94,22035.0,Digitally Active,Relationship Deepening
C100889,21,66455,55556,644097,35,1,0,0,0,85,94,0,503,10899,9.69,15072.0,Mass Retail,Relationship Deepening
C100890,33,32036,15173,290474,26,1,1,0,0,68,148,1,496,16863,9.07,10665.0,Mass Retail,Relationship Deepening
C100891,25,30761,14606,483326,28,1,0,0,0,55,72,1,459,16155,15.71,9609.0,Mass Retail,Relationship Deepening
C100892,52,29650,12446,224402,25,0,0,1,1,76,145,0,462,17204,7.57,9988.0,Mass Retail,Relationship Deepening
C100893,44,24586,19184,190066,29,0,1,0,1,30,53,2,450,5402,7.73,7444.0,Credit Potential,Digital Banking Onboarding
C100894,65,69034,31977,426873,34,1,1,1,1,93,17,0,559,37057,6.18,12436.0,Mass Retail,Relationship Deepening
C100895,54,120682,72601,1184850,52,1,0,0,1,20,118,1,608,48081,9.82,24958.0,Affluent,Fixed Deposit / Savings
C100896,48,64522,54549,662155,33,0,1,1,0,60,160,2,519,9973,10.26,16401.0,Credit Potential,Relationship Deepening
C100897,43,18749,8000,229264,25,0,0,0,0,39,159,0,535,10749,12.23,9267.0,Mass Retail,Relationship Deepening
C100898,23,58526,36768,486850,26,0,0,0,0,87,172,0,487,21758,8.32,14700.0,Mass Retail,Relationship Deepening
C100899,24,59433,36025,279527,47,0,0,1,0,31,22,2,469,23408,4.7,12311.0,Mass Retail,Credit Card
C100900,48,205858,155160,3239446,46,1,1,1,1,65,10,1,753,50698,15.74,38394.0,Affluent,Relationship Deepening
C100901,21,29165,15389,200712,31,0,0,0,0,23,103,1,407,13776,6.88,9394.0,Mass Retail,Digital Banking Onboarding
C100902,22,52432,29109,875090,32,0,0,0,1,25,171,0,510,23323,16.69,16219.0,Mass Retail,Digital Banking Onboarding
C100903,30,166103,72083,751616,42,1,0,1,0,45,179,0,572,94020,4.52,28292.0,Affluent,Investment / Wealth Product
C100904,60,83252,59976,875895,40,0,1,1,1,78,52,0,571,23276,10.52,17129.0,Digitally Active,Credit Card
C100905,41,88607,65778,896919,29,1,0,0,0,33,69,0,552,22829,10.12,17073.0,Mass Retail,Digital Banking Onboarding
C100906,52,69228,28960,1044447,35,0,1,1,1,69,120,1,569,40268,15.09,17601.0,Credit Potential,Relationship Deepening
C100907,39,77934,42608,261894,22,0,0,0,0,59,164,1,533,35326,3.36,15141.0,Savings Potential,Fixed Deposit / Savings
C100908,28,99691,79399,1641800,24,0,0,1,0,94,33,1,520,20292,16.47,19761.0,Digitally Active,Relationship Deepening
C100909,37,41645,14632,417873,31,0,1,1,0,35,175,1,481,27013,10.03,13311.0,Credit Potential,Relationship Deepening
C100910,25,105353,52611,1155079,41,0,0,0,1,30,147,0,573,52742,10.96,22931.0,Savings Potential,Fixed Deposit / Savings
C100911,55,30546,19168,295467,24,0,1,1,0,87,15,0,549,11378,9.67,7011.0,Credit Potential,Relationship Deepening
C100912,29,77866,40260,125553,34,0,0,1,0,38,152,0,616,37606,1.61,15489.0,Mass Retail,Relationship Deepening
C100913,37,71715,34855,677742,32,1,1,0,1,28,116,0,571,36860,9.45,15982.0,Savings Potential,Fixed Deposit / Savings
C100914,65,46313,26862,253812,39,0,1,1,0,80,176,0,505,19451,5.48,13947.0,Credit Potential,Relationship Deepening
C100915,47,64194,28294,438169,32,1,1,0,0,79,40,0,540,35900,6.83,12372.0,Savings Potential,Fixed Deposit / Savings
C100916,41,46154,28376,555454,38,1,0,1,0,15,178,1,517,17778,12.03,15087.0,Mass Retail,Digital Banking Onboarding
C100917,45,36052,25357,341079,27,0,0,1,0,83,11,0,502,10695,9.46,7945.0,Mass Retail,Relationship Deepening
C100918,56,53512,34122,138312,35,1,0,0,0,64,16,0,552,19390,2.58,9804.0,Mass Retail,Relationship Deepening
C100919,32,35417,14045,79394,35,0,0,0,1,33,82,0,423,21372,2.24,9409.0,Mass Retail,Digital Banking Onboarding
C100920,49,77628,59945,322635,28,0,1,1,0,56,119,0,571,17683,4.16,14828.0,Credit Potential,Relationship Deepening
C100921,60,34530,15107,146583,32,0,1,1,1,30,32,0,509,19423,4.25,8039.0,Credit Potential,Digital Banking Onboarding
C100922,46,96156,70425,1090519,35,0,0,0,1,24,51,0,578,25731,11.34,18753.0,Savings Potential,Fixed Deposit / Savings
C100923,41,33939,17997,136533,31,0,0,0,0,21,72,0,561,15942,4.02,8840.0,Mass Retail,Digital Banking Onboarding
C100924,27,47604,35293,761158,32,0,0,0,1,24,25,0,480,12311,15.99,11630.0,Mass Retail,Digital Banking Onboarding
C100925,32,46102,20890,210498,27,0,1,1,1,60,34,0,523,25212,4.57,9002.0,Credit Potential,Relationship Deepening
C100926,63,134723,59727,343440,54,1,1,1,1,79,29,1,613,74996,2.55,20971.0,Digitally Active,Relationship Deepening
C100927,45,77948,46653,1238419,33,1,0,1,1,51,171,1,559,31295,15.89,20323.0,Mass Retail,Relationship Deepening
C100928,34,57855,21202,348318,27,0,0,0,1,11,168,0,470,36653,6.02,14079.0,Savings Potential,Fixed Deposit / Savings
C100929,39,85514,39563,703969,30,0,0,1,0,46,114,0,606,45951,8.23,17217.0,Mass Retail,Relationship Deepening
C100930,47,20398,14523,352954,24,0,0,1,0,74,124,1,485,5875,17.3,8952.0,Mass Retail,Relationship Deepening
C100931,45,63476,48794,1082539,37,1,0,1,0,81,27,0,539,14682,17.05,15053.0,Mass Retail,Relationship Deepening
C100932,52,195004,76128,2565002,37,1,0,0,1,73,11,1,663,118876,13.15,33735.0,Affluent,Fixed Deposit / Savings
C100933,32,69908,55300,151837,37,1,1,1,0,41,69,0,515,14608,2.17,13023.0,Mass Retail,Relationship Deepening
C100934,50,67474,50522,748067,39,0,1,1,1,65,177,0,514,16952,11.09,18065.0,Credit Potential,Relationship Deepening
C100935,40,87870,68964,1565344,28,0,0,1,0,15,87,0,588,18906,17.81,20023.0,Mass Retail,Digital Banking Onboarding
C100936,63,106375,74379,1818754,41,0,1,1,1,45,145,1,581,31996,17.1,25638.0,Credit Potential,Credit Card
C100937,28,21667,14887,60711,39,0,0,0,0,56,68,0,513,6780,2.8,8010.0,Mass Retail,Relationship Deepening
C100938,27,25767,15784,199219,39,0,0,0,0,12,57,0,513,9983,7.73,8699.0,Mass Retail,Digital Banking Onboarding
C100939,41,72970,49356,464390,31,0,1,1,0,11,146,1,584,23614,6.36,15905.0,Credit Potential,Digital Banking Onboarding
C100940,43,43869,35514,140616,30,0,0,0,0,78,86,0,511,8355,3.21,10099.0,Mass Retail,Relationship Deepening
C100941,52,133754,53536,1713597,52,1,0,1,0,28,132,1,582,80218,12.81,28730.0,Affluent,Investment / Wealth Product
C100942,39,54655,27758,309097,33,0,0,1,0,20,131,1,458,26897,5.66,13277.0,Mass Retail,Digital Banking Onboarding
C100943,62,22430,8663,153930,37,0,1,1,0,60,131,0,596,13767,6.86,9834.0,Credit Potential,Relationship Deepening
C100944,42,32362,26614,82073,44,1,0,0,0,34,122,2,495,5748,2.54,11014.0,Mass Retail,Digital Banking Onboarding
C100945,26,18000,10307,170378,33,0,0,0,1,94,146,0,463,7693,9.47,9432.0,Mass Retail,Relationship Deepening
C100946,26,57147,39298,210805,37,0,0,0,0,91,84,1,557,17849,3.69,12358.0,Mass Retail,Relationship Deepening
C100947,64,58602,45157,489069,26,1,1,1,1,80,56,0,602,13445,8.35,11816.0,Mass Retail,Relationship Deepening
C100948,27,51467,43515,176881,25,0,0,0,0,35,93,0,465,7952,3.44,10679.0,Mass Retail,Relationship Deepening
C100949,63,117657,50697,2025512,44,0,0,1,1,85,60,1,589,66960,17.22,25768.0,Digitally Active,Credit Card
C100950,33,125659,94214,435372,38,1,1,0,1,31,10,1,553,31445,3.46,18357.0,Savings Potential,Fixed Deposit / Savings
C100951,25,59185,46976,584282,18,0,0,1,0,30,67,1,471,12209,9.87,11731.0,Mass Retail,Digital Banking Onboarding
C100952,34,20092,8000,87372,29,1,0,0,1,93,91,0,490,12092,4.35,7534.0,Mass Retail,Relationship Deepening
C100953,48,91276,66362,209767,32,0,1,1,1,67,95,0,582,24914,2.3,15542.0,Digitally Active,Relationship Deepening
C100954,40,88220,46524,391631,35,1,0,0,0,17,63,0,505,41696,4.44,15464.0,Savings Potential,Fixed Deposit / Savings
C100955,56,77058,51960,148810,31,1,0,0,1,86,131,0,563,25098,1.93,14676.0,Digitally Active,Fixed Deposit / Savings
C100956,48,111520,67695,375794,31,0,1,0,1,23,53,0,617,43825,3.37,17080.0,Savings Potential,Fixed Deposit / Savings
C100957,39,34252,16436,321596,32,0,1,1,1,68,117,0,527,17816,9.39,10837.0,Credit Potential,Relationship Deepening
C100958,49,196213,81941,2370427,49,1,0,1,0,47,50,0,683,114272,12.08,35253.0,Affluent,Investment / Wealth Product
C100959,64,38348,15664,95286,42,0,0,0,0,11,177,0,507,22684,2.48,12841.0,Mass Retail,Credit Card
C100960,39,98146,39422,833981,28,1,0,1,0,77,117,0,600,58724,8.5,18876.0,Digitally Active,Relationship Deepening
C100961,27,25696,17188,279606,36,0,0,1,0,69,101,0,455,8508,10.88,9813.0,Mass Retail,Relationship Deepening
C100962,39,38968,20486,194132,39,0,0,0,1,86,78,0,522,18482,4.98,10523.0,Mass Retail,Relationship Deepening
C100963,58,149664,68593,1096336,48,0,1,1,1,62,136,0,629,81071,7.33,27552.0,Affluent,Credit Card
C100964,30,56311,39189,125078,25,0,1,1,0,74,78,0,556,17122,2.22,10581.0,Credit Potential,Relationship Deepening
C100965,63,103167,71538,489239,46,1,1,1,0,87,145,2,528,31629,4.74,20499.0,Digitally Active,Relationship Deepening
C100966,47,74048,45879,661604,40,0,0,0,0,93,31,0,539,28169,8.93,14826.0,Digitally Active,Fixed Deposit / Savings
C100967,48,61354,50156,1094403,31,1,0,1,1,58,148,0,515,11198,17.84,17313.0,Mass Retail,Relationship Deepening
C100968,35,137621,74688,2468443,35,1,0,0,0,11,173,1,633,62933,17.94,31461.0,Affluent,Investment / Wealth Product
C100969,62,57067,43823,1007435,33,0,0,0,0,39,45,2,514,13244,17.65,14161.0,Mass Retail,Relationship Deepening
C100970,22,24410,9460,199976,34,0,0,0,0,63,42,0,460,14950,8.19,7691.0,Mass Retail,Relationship Deepening
C100971,34,41788,30084,99103,35,0,0,1,1,19,172,0,482,11704,2.37,12375.0,Mass Retail,Digital Banking Onboarding
C100972,39,88018,74307,572184,34,0,0,1,1,20,74,0,576,13711,6.5,16341.0,Mass Retail,Digital Banking Onboarding
C100973,42,80795,62479,407300,31,0,0,0,1,43,126,0,512,18316,5.04,15959.0,Mass Retail,Relationship Deepening
C100974,42,27454,17566,34047,31,0,0,0,0,88,36,1,450,9888,1.24,6882.0,Mass Retail,Relationship Deepening
C100975,27,43641,28951,114295,38,0,0,0,0,37,78,1,518,14690,2.62,10571.0,Mass Retail,Relationship Deepening
C100976,31,47202,24859,410860,36,0,1,0,1,90,127,0,512,22343,8.7,13139.0,Credit Potential,Relationship Deepening
C100977,25,53164,36669,360146,32,0,0,0,1,79,161,1,532,16495,6.77,13982.0,Mass Retail,Relationship Deepening
C100978,46,30497,22421,124002,39,0,1,1,0,36,80,0,499,8076,4.07,9446.0,Credit Potential,Relationship Deepening
C100979,36,46007,39065,606076,28,1,1,0,0,29,16,0,526,6942,13.17,10225.0,Mass Retail,Digital Banking Onboarding
C100980,46,43539,25959,307861,31,0,0,1,0,81,76,0,530,17580,7.07,10585.0,Mass Retail,Relationship Deepening
C100981,47,99358,37821,1538238,27,1,0,1,0,75,116,0,644,61537,15.48,21689.0,Digitally Active,Relationship Deepening
C100982,52,101434,65722,516967,35,1,0,1,0,64,157,1,603,35712,5.1,19636.0,Mass Retail,Relationship Deepening
C100983,45,59991,24567,609068,28,1,1,0,0,94,150,0,584,35424,10.15,14985.0,Savings Potential,Fixed Deposit / Savings
C100984,50,52393,24749,216401,36,1,0,0,0,18,137,1,492,27644,4.13,13130.0,Savings Potential,Fixed Deposit / Savings
C100985,47,70200,36110,661290,39,0,1,1,1,43,32,1,501,34090,9.42,14365.0,Credit Potential,Relationship Deepening
C100986,50,41482,29681,149002,24,1,0,0,1,61,95,0,549,11801,3.59,9519.0,Mass Retail,Relationship Deepening
C100987,48,34592,15286,129612,36,1,1,0,0,16,104,0,564,19306,3.75,10178.0,Mass Retail,Digital Banking Onboarding
C100988,35,38755,16776,442112,32,0,1,1,0,93,85,0,557,21979,11.41,10969.0,Credit Potential,Relationship Deepening
C100989,32,45844,17076,251424,30,0,1,0,0,59,166,1,496,28768,5.48,12740.0,Savings Potential,Fixed Deposit / Savings
C100990,56,34277,26963,134717,27,0,0,0,1,36,172,0,548,7314,3.93,10967.0,Mass Retail,Relationship Deepening
C100991,36,71060,49511,1194233,38,1,0,1,1,30,40,0,584,21549,16.81,16683.0,Mass Retail,Digital Banking Onboarding
C100992,45,97099,35924,168084,34,0,0,0,0,10,172,0,563,61175,1.73,18082.0,Savings Potential,Fixed Deposit / Savings
C100993,29,27153,9888,288025,26,0,0,0,0,60,152,0,506,17265,10.61,10267.0,Mass Retail,Relationship Deepening
C100994,40,65905,41476,680167,35,0,1,0,0,94,127,0,549,24429,10.32,15986.0,Credit Potential,Relationship Deepening
C100995,44,57594,28294,302966,40,0,0,0,0,13,70,0,506,29300,5.26,12721.0,Savings Potential,Fixed Deposit / Savings
C100996,49,78431,50852,682122,37,0,0,0,1,45,137,1,519,27579,8.7,17697.0,Savings Potential,Fixed Deposit / Savings
C100997,44,64539,36613,160802,24,0,1,0,0,66,106,0,510,27926,2.49,12147.0,Savings Potential,Fixed Deposit / Savings
C100998,37,29222,23718,387525,37,0,0,1,0,47,162,0,454,5504,13.26,12222.0,Mass Retail,Relationship Deepening
C100999,64,32462,16033,154807,27,1,1,1,1,65,128,1,515,16429,4.77,9765.0,Mass Retail,Relationship Deepening
C101000,44,66060,45553,283238,34,0,1,1,1,71,173,0,537,20507,4.29,15464.0,Credit Potential,Relationship Deepening
C101001,57,114459,43154,727151,33,0,1,1,1,93,77,0,621,71305,6.35,19580.0,Digitally Active,Relationship Deepening
C101002,54,19232,15923,314259,41,1,1,1,1,61,17,0,559,3309,16.34,7705.0,Mass Retail,Relationship Deepening
C101003,46,78613,66065,1143028,35,1,1,1,1,71,90,0,617,12548,14.54,18183.0,Digitally Active,Relationship Deepening
C101004,60,125046,89975,2137928,42,1,1,0,0,35,179,0,689,35071,17.1,29731.0,Affluent,Investment / Wealth Product
C101005,26,59753,34813,722020,37,1,0,0,0,22,118,1,486,24940,12.08,15513.0,Mass Retail,Digital Banking Onboarding
C101006,62,87970,40466,1079366,29,1,0,0,1,18,127,1,520,47504,12.27,19189.0,Savings Potential,Fixed Deposit / Savings
C101007,59,44155,33392,404480,25,1,0,1,0,19,113,0,571,10763,9.16,11358.0,Mass Retail,Digital Banking Onboarding
C101008,43,60870,43715,997543,28,0,1,0,0,81,107,0,600,17155,16.39,15552.0,Credit Potential,Relationship Deepening
C101009,54,26653,12286,258128,38,0,1,0,1,13,13,0,573,14367,9.68,7823.0,Credit Potential,Digital Banking Onboarding
C101010,44,18000,10361,126648,30,0,0,1,1,51,76,1,500,7639,7.04,7207.0,Mass Retail,Relationship Deepening
C101011,33,109170,63472,1297638,37,1,1,1,0,62,18,1,497,45698,11.89,20258.0,Mass Retail,Relationship Deepening
C101012,56,37813,28859,388878,35,1,0,1,0,67,62,0,544,8954,10.28,10387.0,Mass Retail,Relationship Deepening
C101013,32,50595,35008,157265,31,1,0,0,0,15,130,0,534,15587,3.11,12039.0,Mass Retail,Digital Banking Onboarding
C101014,35,30321,20363,232755,34,0,0,0,0,84,145,0,549,9958,7.68,10988.0,Mass Retail,Relationship Deepening
C101015,44,29931,20201,189361,27,0,0,0,1,47,42,0,561,9730,6.33,7501.0,Mass Retail,Relationship Deepening
C101016,58,59073,28664,909501,33,1,0,1,1,11,118,1,574,30409,15.4,15795.0,Mass Retail,Digital Banking Onboarding
C101017,38,43516,23318,323770,31,0,0,0,1,21,43,0,498,20198,7.44,9822.0,Mass Retail,Digital Banking Onboarding
C101018,43,80020,29834,1197608,40,0,1,1,1,83,38,1,516,50186,14.97,17742.0,Digitally Active,Credit Card
C101019,22,83370,61983,710361,31,1,1,0,0,91,172,1,544,21387,8.52,18578.0,Digitally Active,Relationship Deepening
C101020,26,77545,43929,1070854,29,1,0,0,1,74,110,1,506,33616,13.81,17688.0,Digitally Active,Fixed Deposit / Savings
C101021,23,74115,42180,244564,36,0,0,1,1,38,37,1,560,31935,3.3,12915.0,Mass Retail,Relationship Deepening
C101022,24,154804,73172,2588176,42,1,1,0,1,91,27,1,565,81632,16.72,30708.0,Affluent,Fixed Deposit / Savings
C101023,60,36133,16430,331324,31,0,1,1,0,33,11,1,533,19703,9.17,8314.0,Credit Potential,Digital Banking Onboarding
C101024,58,63065,40609,341598,26,0,0,0,1,30,90,1,542,22456,5.42,12523.0,Mass Retail,Digital Banking Onboarding
C101025,57,121191,56508,618719,47,0,1,1,1,75,20,0,589,64683,5.11,19794.0,Digitally Active,Credit Card
C101026,23,130306,49790,717505,40,0,0,0,1,37,106,1,527,80516,5.51,22551.0,Affluent,Fixed Deposit / Savings
C101027,24,29738,21820,215132,34,0,0,0,0,54,79,0,423,7918,7.23,9209.0,Mass Retail,Relationship Deepening
C101028,33,54740,29463,722447,36,0,0,1,0,66,115,0,514,25277,13.2,14839.0,Mass Retail,Relationship Deepening
C101029,46,137188,74098,2351852,46,1,1,1,1,24,39,0,624,63090,17.14,28701.0,Affluent,Digital Banking Onboarding
C101030,36,85956,48622,1063583,30,0,0,0,1,89,28,0,604,37334,12.37,16550.0,Digitally Active,Fixed Deposit / Savings
C101031,42,72369,54821,745536,31,0,0,0,0,24,20,0,525,17548,10.3,13819.0,Mass Retail,Digital Banking Onboarding
C101032,28,57666,29434,497433,31,0,1,0,1,95,19,0,541,28232,8.63,11331.0,Savings Potential,Fixed Deposit / Savings
C101033,53,52631,38369,793632,36,1,1,0,1,33,15,0,504,14262,15.08,12413.0,Mass Retail,Digital Banking Onboarding
C101034,35,76165,62438,1176312,38,0,0,1,1,45,48,1,560,13727,15.44,17322.0,Mass Retail,Relationship Deepening
C101035,23,56576,38496,338416,37,1,0,1,0,31,144,1,420,18080,5.98,14311.0,Mass Retail,Digital Banking Onboarding
C101036,54,63495,35928,1092640,34,0,1,1,0,56,110,0,638,27567,17.21,16870.0,Credit Potential,Relationship Deepening
C101037,61,67872,49132,523762,21,1,1,1,0,10,47,0,554,18740,7.72,12157.0,Mass Retail,Digital Banking Onboarding
C101038,21,44766,25917,653642,23,1,0,0,1,24,167,0,417,18849,14.6,13566.0,Mass Retail,Digital Banking Onboarding
C101039,40,87100,48533,1518673,34,0,0,1,1,54,137,0,556,38567,17.44,21610.0,Mass Retail,Relationship Deepening
C101040,58,322861,197798,4184985,40,1,1,1,1,69,140,0,796,125063,12.96,56526.0,Affluent,Relationship Deepening
C101041,52,24460,12447,91637,31,1,0,0,1,92,162,0,488,12013,3.75,9963.0,Mass Retail,Relationship Deepening
C101042,59,77680,31237,851706,30,0,1,1,0,82,134,0,560,46443,10.96,17525.0,Digitally Active,Relationship Deepening
C101043,39,42789,23852,129189,41,0,0,1,1,89,172,0,491,18937,3.02,13196.0,Mass Retail,Credit Card
C101044,37,89296,36784,1287241,29,0,1,1,0,78,61,1,528,52512,14.42,18504.0,Digitally Active,Relationship Deepening
C101045,52,66686,37025,385602,38,1,0,0,1,76,154,0,507,29661,5.78,15861.0,Savings Potential,Fixed Deposit / Savings
C101046,27,98831,62112,1266875,38,0,0,0,1,39,22,0,601,36719,12.82,19301.0,Savings Potential,Fixed Deposit / Savings
C101047,31,124079,101168,2043765,36,1,1,1,1,87,56,1,637,22911,16.47,25583.0,Affluent,Relationship Deepening
C101048,48,72256,26598,294601,32,0,0,1,1,92,160,0,537,45658,4.08,15604.0,Digitally Active,Relationship Deepening
C101049,51,121148,80046,930248,46,0,1,1,1,54,26,1,580,41102,7.68,21086.0,Affluent,Credit Card
C101050,26,18000,10420,216018,29,0,0,0,0,20,91,1,431,7580,12.0,7839.0,Mass Retail,Digital Banking Onboarding
C101051,43,155888,56140,1268021,38,0,1,1,1,13,63,1,610,99748,8.13,26036.0,Affluent,Digital Banking Onboarding
C101052,37,79892,37930,317323,34,1,0,0,1,52,20,0,552,41962,3.97,13158.0,Savings Potential,Fixed Deposit / Savings
C101053,43,117590,48123,175705,42,1,1,0,1,64,44,0,563,69467,1.49,17762.0,Savings Potential,Fixed Deposit / Savings
C101054,64,33230,15233,262922,31,0,0,1,0,57,97,0,545,17997,7.91,9900.0,Mass Retail,Relationship Deepening
C101055,24,41160,20057,495423,30,1,0,0,0,87,114,0,521,21103,12.04,11948.0,Mass Retail,Relationship Deepening
C101056,65,70432,38784,757693,36,1,0,0,1,56,122,0,533,31648,10.76,16724.0,Savings Potential,Fixed Deposit / Savings
C101057,41,64394,39571,235430,34,0,0,0,0,66,26,0,576,24823,3.66,11431.0,Mass Retail,Relationship Deepening
C101058,55,75950,26620,657863,37,0,0,1,0,75,59,1,538,49330,8.66,15401.0,Digitally Active,Relationship Deepening
C101059,40,118022,50860,859319,43,1,1,0,1,86,21,1,627,67162,7.28,20064.0,Digitally Active,Fixed Deposit / Savings
C101060,34,24619,9768,139379,30,0,0,1,0,62,4,0,513,14851,5.66,6119.0,Mass Retail,Relationship Deepening
C101061,55,111051,69389,1487815,40,1,1,1,1,57,72,1,660,41662,13.4,22856.0,Mass Retail,Relationship Deepening
C101062,51,65297,33598,409024,40,0,1,0,1,16,113,1,570,31699,6.26,14991.0,Savings Potential,Fixed Deposit / Savings
C101063,27,58108,36271,591682,32,0,0,0,1,65,68,0,535,21837,10.18,13078.0,Mass Retail,Relationship Deepening
C101064,52,28941,13339,483171,31,1,1,0,0,25,10,1,481,15602,16.7,8177.0,Mass Retail,Digital Banking Onboarding
C101065,54,85718,31040,871555,26,1,1,0,1,41,41,0,550,54678,10.17,15683.0,Savings Potential,Fixed Deposit / Savings
C101066,38,18000,14772,206809,29,1,0,0,0,55,79,0,517,3228,11.49,7502.0,Mass Retail,Relationship Deepening
C101067,62,92852,37526,208469,32,1,0,1,0,17,65,0,575,55326,2.25,14944.0,Mass Retail,Digital Banking Onboarding
C101068,49,28609,11828,115246,34,0,0,0,0,69,148,1,473,16781,4.03,10422.0,Mass Retail,Relationship Deepening
C101069,36,66939,28334,181819,32,0,0,0,0,34,108,1,541,38605,2.72,13321.0,Savings Potential,Fixed Deposit / Savings
C101070,21,60876,51175,852379,33,1,0,0,0,54,179,0,532,9701,14.0,17272.0,Mass Retail,Relationship Deepening
C101071,51,123672,81479,1881133,46,1,1,1,1,40,34,0,654,42193,15.21,25342.0,Affluent,Relationship Deepening
C101072,30,58917,38599,245668,32,0,0,0,1,40,68,0,487,20318,4.17,11774.0,Mass Retail,Relationship Deepening
C101073,55,44372,37421,209774,30,1,0,1,0,43,18,0,565,6951,4.73,8726.0,Mass Retail,Relationship Deepening
C101074,44,49193,19393,319487,36,1,0,1,1,14,6,1,527,29800,6.49,9947.0,Mass Retail,Digital Banking Onboarding
C101075,42,130905,109600,1446282,46,1,1,1,1,26,166,0,653,21305,11.05,27626.0,Affluent,Digital Banking Onboarding
C101076,28,87300,39460,1010108,27,1,0,1,1,77,90,0,593,47840,11.57,17720.0,Digitally Active,Relationship Deepening
C101077,53,52578,34782,666412,36,0,1,0,1,20,119,0,543,17796,12.67,14498.0,Credit Potential,Digital Banking Onboarding
C101078,28,57074,31964,935338,25,0,0,0,0,52,51,0,530,25110,16.39,13224.0,Savings Potential,Fixed Deposit / Savings
C101079,39,27452,14878,165143,27,0,1,1,0,22,12,0,567,12574,6.02,6406.0,Credit Potential,Digital Banking Onboarding
C101080,58,80483,65644,981806,27,0,1,1,0,56,161,0,567,14839,12.2,18701.0,Credit Potential,Relationship Deepening
C101081,62,24692,10485,259646,27,0,1,0,1,65,119,0,550,14207,10.52,9183.0,Credit Potential,Relationship Deepening
C101082,65,98285,83399,609294,22,0,0,0,0,50,128,1,555,14886,6.2,17666.0,Mass Retail,Relationship Deepening
C101083,64,69765,37642,1145960,32,0,0,1,0,76,97,1,496,32123,16.43,17185.0,Mass Retail,Relationship Deepening
C101084,46,241582,162920,633723,48,0,1,0,0,32,74,0,629,78662,2.62,33343.0,Savings Potential,Fixed Deposit / Savings
C101085,30,35492,29599,465090,34,0,1,0,1,57,77,0,525,5893,13.1,10735.0,Credit Potential,Relationship Deepening
C101086,58,61432,23270,821576,35,0,1,1,1,33,137,1,566,38162,13.37,16355.0,Credit Potential,Digital Banking Onboarding
C101087,57,174766,141810,2894214,36,1,1,1,1,53,43,0,705,32956,16.56,33728.0,Affluent,Relationship Deepening
C101088,65,125167,79344,1228626,33,1,1,1,1,15,63,2,624,45823,9.82,22306.0,Affluent,Digital Banking Onboarding
C101089,50,44322,31123,286653,35,0,1,1,1,33,57,1,524,13199,6.47,10504.0,Credit Potential,Digital Banking Onboarding
C101090,27,73521,31216,1108077,21,1,0,1,1,70,95,0,524,42305,15.07,16259.0,Digitally Active,Relationship Deepening
C101091,43,65072,40129,917754,30,1,0,1,1,76,174,0,574,24943,14.1,17528.0,Mass Retail,Relationship Deepening
C101092,41,75904,52127,721491,31,0,1,0,0,33,166,1,542,23777,9.51,17726.0,Credit Potential,Digital Banking Onboarding
C101093,58,44261,25589,622031,34,0,1,1,1,32,99,1,505,18672,14.05,12789.0,Credit Potential,Digital Banking Onboarding
C101094,38,61884,26455,343696,34,0,0,0,0,35,38,0,549,35429,5.55,11913.0,Savings Potential,Fixed Deposit / Savings
C101095,35,26990,12741,297471,21,1,0,0,0,34,169,0,507,14249,11.02,10214.0,Mass Retail,Digital Banking Onboarding
C101096,24,70015,54415,1099799,25,0,0,1,0,95,58,1,507,15600,15.71,15351.0,Digitally Active,Relationship Deepening
C101097,58,83254,30574,533305,42,0,0,0,1,65,66,1,544,52680,6.41,16309.0,Digitally Active,Fixed Deposit / Savings
C101098,54,57358,40405,528858,30,1,1,0,1,43,159,0,596,16953,9.22,14826.0,Mass Retail,Relationship Deepening
C101099,22,26739,22720,459042,35,0,0,1,1,49,49,1,528,4019,17.17,9235.0,Mass Retail,Relationship Deepening
C101100,40,111953,39602,1631112,40,1,1,1,0,53,84,0,608,72351,14.57,23820.0,Mass Retail,Relationship Deepening
C101101,42,79430,34196,1277208,36,0,0,0,1,57,165,0,573,45234,16.08,20777.0,Savings Potential,Fixed Deposit / Savings
C101102,42,43601,29957,329152,36,0,0,1,0,43,59,0,472,13644,7.55,10752.0,Mass Retail,Relationship Deepening
C101103,62,55704,21167,999368,35,1,1,1,1,93,113,0,624,34537,17.94,15893.0,Mass Retail,Relationship Deepening
C101104,27,28475,18363,102327,29,0,0,0,1,34,9,0,530,10112,3.59,6382.0,Mass Retail,Digital Banking Onboarding
C101105,34,36981,25591,363123,28,0,0,0,0,46,179,0,538,11390,9.82,12426.0,Mass Retail,Relationship Deepening
C101106,29,48356,31145,442344,36,0,0,1,0,10,77,2,402,17211,9.15,12130.0,Mass Retail,Digital Banking Onboarding
C101107,31,127743,68035,1861640,36,1,0,0,1,52,121,1,594,59708,14.57,26846.0,Affluent,Fixed Deposit / Savings
C101108,61,45726,31946,752028,29,0,1,1,1,83,91,0,545,13780,16.45,12756.0,Credit Potential,Relationship Deepening
C101109,63,92435,59819,1241343,28,1,1,1,1,95,79,1,602,32616,13.43,18984.0,Digitally Active,Relationship Deepening
C101110,23,48343,21939,563475,27,0,1,1,1,50,74,1,483,26404,11.66,11638.0,Credit Potential,Relationship Deepening
C101111,49,74497,47050,615814,33,1,1,0,1,21,6,0,549,27447,8.27,13363.0,Savings Potential,Fixed Deposit / Savings
C101112,31,60137,47565,581855,34,1,0,0,1,71,52,0,553,12572,9.68,13041.0,Mass Retail,Relationship Deepening
C101113,29,105064,71802,1014718,48,1,1,1,0,65,70,1,527,33262,9.66,21115.0,Digitally Active,Relationship Deepening
C101114,34,48436,28378,65207,21,1,1,0,0,92,68,0,493,20058,1.35,8904.0,Mass Retail,Relationship Deepening
C101115,29,27371,13981,261445,36,1,0,1,0,53,51,0,506,13390,9.55,8658.0,Mass Retail,Relationship Deepening
C101116,43,30396,11944,472706,33,0,1,1,0,10,116,0,564,18452,15.55,11130.0,Credit Potential,Digital Banking Onboarding
C101117,65,48514,22914,633481,30,0,0,0,0,87,149,0,580,25600,13.06,14110.0,Savings Potential,Fixed Deposit / Savings
C101118,47,32701,11628,475048,36,0,0,0,1,68,160,1,542,21073,14.53,12770.0,Mass Retail,Relationship Deepening
C101119,53,81451,68689,622144,24,0,1,0,0,78,175,0,567,12762,7.64,17409.0,Digitally Active,Relationship Deepening
C101120,43,50311,23205,502730,36,1,1,0,0,20,117,0,585,27106,9.99,13567.0,Savings Potential,Fixed Deposit / Savings
C101121,21,239948,181745,376531,38,1,0,1,0,49,75,0,583,58203,1.57,31176.0,Mass Retail,Relationship Deepening
C101122,24,24994,10856,187731,30,0,1,0,0,49,117,1,544,14138,7.51,9175.0,Credit Potential,Relationship Deepening
C101123,33,72703,35755,659060,29,0,0,1,0,33,26,0,619,36948,9.07,13457.0,Mass Retail,Digital Banking Onboarding
C101124,31,34953,19544,186600,33,0,1,0,0,82,147,0,520,15409,5.34,11217.0,Credit Potential,Relationship Deepening
C101125,58,49552,25381,75868,23,1,1,1,1,26,97,0,562,24171,1.53,9984.0,Mass Retail,Digital Banking Onboarding
C101126,58,70258,52635,894866,33,1,0,0,1,16,32,2,531,17623,12.74,14705.0,Mass Retail,Digital Banking Onboarding
C101127,59,18091,14995,151904,34,1,1,1,0,30,78,0,506,3096,8.4,7767.0,Mass Retail,Digital Banking Onboarding
C101128,49,74043,58320,597267,37,0,1,0,0,95,56,0,535,15723,8.07,14893.0,Digitally Active,Relationship Deepening
C101129,46,185117,79006,971821,45,1,1,0,1,19,64,1,621,106111,5.25,28499.0,Affluent,Fixed Deposit / Savings
C101130,50,50653,37399,513778,38,1,1,0,1,59,11,0,558,13254,10.14,11195.0,Mass Retail,Relationship Deepening
C101131,39,74985,31791,633353,37,0,1,0,1,25,5,2,528,43194,8.45,13857.0,Savings Potential,Fixed Deposit / Savings
C101132,51,114216,92137,1034541,36,0,1,0,1,43,64,0,666,22079,9.06,20760.0,Credit Potential,Relationship Deepening
C101133,56,59395,36168,645911,29,0,0,0,0,57,56,1,538,23227,10.87,12823.0,Mass Retail,Relationship Deepening
C101134,55,47222,24470,52299,34,0,1,0,1,11,179,1,458,22752,1.11,12806.0,Credit Potential,Digital Banking Onboarding
C101135,48,18592,8000,305482,24,0,0,1,0,30,49,1,549,10592,16.43,6706.0,Mass Retail,Digital Banking Onboarding
C101136,23,92474,32912,204228,41,1,0,0,1,60,61,0,496,59562,2.21,15689.0,Savings Potential,Fixed Deposit / Savings
C101137,53,61078,28949,529281,37,0,0,1,1,11,164,0,529,32129,8.67,16025.0,Mass Retail,Digital Banking Onboarding
C101138,37,37241,30054,168528,36,1,0,1,1,52,155,0,519,7187,4.53,11873.0,Mass Retail,Relationship Deepening
C101139,54,69687,52170,690202,39,0,0,0,0,61,13,1,556,17517,9.9,13955.0,Mass Retail,Relationship Deepening
C101140,45,47151,39367,271776,34,0,0,1,0,28,18,0,475,7784,5.76,9652.0,Mass Retail,Digital Banking Onboarding
C101141,60,48606,19461,759236,40,1,0,0,1,23,19,3,471,29145,15.62,12373.0,Savings Potential,Fixed Deposit / Savings
C101142,36,90726,58617,702051,38,0,1,1,0,52,84,2,472,32109,7.74,17781.0,Credit Potential,Relationship Deepening
C101143,62,31133,14900,369205,30,0,1,0,1,71,104,1,534,16233,11.86,10190.0,Credit Potential,Relationship Deepening
C101144,59,115632,71862,604865,33,0,1,1,1,11,65,1,617,43770,5.23,18908.0,Credit Potential,Digital Banking Onboarding
C101145,35,30134,15375,40076,23,1,0,1,0,39,5,0,457,14759,1.33,5599.0,Mass Retail,Relationship Deepening
C101146,42,45146,22200,355327,34,0,0,0,0,95,38,0,559,22946,7.87,10286.0,Mass Retail,Relationship Deepening
C101147,44,187168,119212,1894193,47,0,0,0,1,38,111,0,696,67956,10.12,33769.0,Affluent,Fixed Deposit / Savings
C101148,55,120836,53368,1064841,38,1,1,1,1,38,68,0,582,67468,8.81,21843.0,Affluent,Relationship Deepening
C101149,52,68585,40092,1190236,26,0,1,0,0,73,24,0,500,28493,17.35,14819.0,Savings Potential,Fixed Deposit / Savings
C101150,59,38749,26171,504363,23,0,0,1,1,51,118,1,481,12578,13.02,11142.0,Mass Retail,Relationship Deepening
C101151,37,48584,20118,870930,35,0,0,0,1,43,111,0,515,28466,17.93,14617.0,Savings Potential,Fixed Deposit / Savings
C101152,43,67673,55174,407123,23,0,0,1,0,77,89,0,596,12499,6.02,12921.0,Mass Retail,Relationship Deepening
C101153,40,66355,40003,956440,30,0,0,1,1,12,169,0,548,26352,14.41,17686.0,Mass Retail,Digital Banking Onboarding
C101154,61,61831,46977,645796,32,1,1,0,0,71,152,0,523,14854,10.44,15766.0,Mass Retail,Relationship Deepening
C101155,34,63907,43262,728535,30,0,0,0,1,42,10,0,545,20645,11.4,12555.0,Mass Retail,Relationship Deepening
C101156,47,57771,40728,1025978,24,0,0,0,0,86,163,0,508,17043,17.76,16356.0,Mass Retail,Relationship Deepening
C101157,26,29409,20823,356371,39,1,0,1,0,72,11,0,518,8586,12.12,8541.0,Mass Retail,Relationship Deepening
C101158,59,48926,38532,796508,33,1,1,1,0,90,88,1,499,10394,16.28,13579.0,Mass Retail,Relationship Deepening
C101159,38,107494,70602,1433722,40,1,1,1,1,21,162,0,562,36892,13.34,24534.0,Mass Retail,Digital Banking Onboarding
C101160,36,30625,14979,96944,28,1,0,0,1,26,176,2,480,15646,3.17,10650.0,Mass Retail,Digital Banking Onboarding
C101161,47,58565,23412,754911,30,1,0,1,1,87,6,1,591,35153,12.89,12026.0,Mass Retail,Relationship Deepening
C101162,43,41410,27046,382354,31,0,0,1,1,43,15,1,582,14364,9.23,9145.0,Mass Retail,Relationship Deepening
C101163,59,69105,26479,1148498,35,0,1,1,1,80,45,0,538,42626,16.62,16129.0,Credit Potential,Relationship Deepening
C101164,44,52491,24705,772465,29,0,0,0,1,69,51,0,520,27786,14.72,12514.0,Savings Potential,Fixed Deposit / Savings
C101165,44,146490,55718,405818,44,0,1,1,1,52,52,1,598,90772,2.77,21972.0,Credit Potential,Credit Card
C101166,25,85885,53630,281408,37,1,1,1,0,13,76,0,578,32255,3.28,15314.0,Mass Retail,Digital Banking Onboarding
C101167,21,31592,13590,68977,34,0,0,0,0,16,59,0,415,18002,2.18,8310.0,Mass Retail,Digital Banking Onboarding
C101168,38,94025,61606,882442,36,1,1,1,0,71,106,0,571,32419,9.39,19182.0,Digitally Active,Relationship Deepening
C101169,65,42450,31644,100739,26,0,1,1,1,18,154,0,517,10806,2.37,11098.0,Credit Potential,Digital Banking Onboarding
C101170,62,47325,36012,629543,32,0,1,0,1,10,99,1,463,11313,13.3,12926.0,Credit Potential,Digital Banking Onboarding
C101171,49,77245,38991,802587,38,1,0,0,0,28,61,0,517,38254,10.39,16260.0,Savings Potential,Fixed Deposit / Savings
C101172,49,49597,30972,754369,35,1,0,1,1,88,103,0,523,18625,15.21,14052.0,Mass Retail,Relationship Deepening
C101173,38,106214,67075,611425,41,0,1,0,1,63,112,2,536,39139,5.76,19967.0,Savings Potential,Fixed Deposit / Savings
C101174,28,42453,24897,417121,27,0,1,1,1,71,161,0,548,17556,9.83,12639.0,Credit Potential,Relationship Deepening
C101175,21,46246,31334,138605,29,0,1,1,0,66,170,2,479,14912,3.0,12329.0,Credit Potential,Relationship Deepening
C101176,36,45303,20615,726594,33,0,0,0,1,58,52,0,562,24688,16.04,12037.0,Mass Retail,Relationship Deepening
C101177,35,47622,39984,189300,28,0,0,1,0,32,165,0,517,7638,3.98,12444.0,Mass Retail,Digital Banking Onboarding
C101178,29,118978,47477,326020,46,1,0,0,0,46,147,0,540,71501,2.74,21477.0,Savings Potential,Fixed Deposit / Savings
C101179,32,91856,70234,412054,29,1,0,0,0,56,25,0,544,21622,4.49,14359.0,Mass Retail,Relationship Deepening
C101180,22,166477,107719,2448198,53,1,0,1,1,94,101,1,652,58758,14.71,34265.0,Affluent,Relationship Deepening
C101181,48,226239,106881,633208,39,1,1,1,0,87,29,1,681,119358,2.8,29782.0,Digitally Active,Relationship Deepening
C101182,62,36873,26654,422027,30,0,0,0,0,73,89,0,531,10219,11.45,10600.0,Mass Retail,Relationship Deepening
C101183,52,67567,26502,924658,27,0,0,1,0,79,10,0,529,41065,13.69,13405.0,Mass Retail,Relationship Deepening
C101184,41,34038,25093,468648,30,0,0,0,0,79,55,0,530,8945,13.77,9653.0,Mass Retail,Relationship Deepening
C101185,39,42381,27336,179316,29,1,0,0,0,67,107,1,514,15045,4.23,10530.0,Mass Retail,Relationship Deepening
C101186,34,45963,18632,94115,39,0,0,0,0,80,56,0,555,27331,2.05,10273.0,Savings Potential,Fixed Deposit / Savings
C101187,27,36341,14164,313614,31,1,1,0,0,16,4,1,463,22177,8.63,8089.0,Mass Retail,Digital Banking Onboarding
C101188,47,36447,26439,161905,24,0,1,1,0,11,71,0,494,10008,4.44,8467.0,Credit Potential,Digital Banking Onboarding
C101189,46,60041,29809,773787,29,0,0,0,0,48,98,1,557,30232,12.89,14449.0,Savings Potential,Fixed Deposit / Savings
C101190,21,33288,26452,235138,25,1,0,0,1,14,138,0,482,6836,7.06,10219.0,Mass Retail,Digital Banking Onboarding
C101191,39,103292,75510,892339,42,0,1,1,1,39,27,0,560,27782,8.64,18774.0,Credit Potential,Credit Card
C101192,33,39237,27430,114935,31,0,0,1,0,27,87,0,551,11807,2.93,9658.0,Mass Retail,Digital Banking Onboarding
C101193,28,304798,149139,3245600,48,1,0,0,1,92,38,0,719,155659,10.65,49212.0,Affluent,Fixed Deposit / Savings
C101194,52,50710,35724,210645,39,0,1,1,1,66,30,1,586,14986,4.15,10564.0,Credit Potential,Relationship Deepening
C101195,44,67626,55729,848220,29,0,1,0,1,13,24,1,514,11897,12.54,13655.0,Credit Potential,Digital Banking Onboarding
C101196,49,31879,12617,70449,36,0,0,0,1,63,137,0,544,19262,2.21,10495.0,Mass Retail,Relationship Deepening
C101197,53,166125,85235,2922165,46,1,0,0,0,72,165,0,678,80890,17.59,37026.0,Affluent,Investment / Wealth Product
C101198,65,120315,56228,1520415,49,1,1,1,1,37,120,0,634,64087,12.64,26013.0,Affluent,Relationship Deepening
C101199,57,76531,41834,312965,26,0,1,1,1,85,69,0,548,34697,4.09,13230.0,Digitally Active,Relationship Deepening
C101200,48,30989,22349,38415,33,1,0,1,1,93,171,2,505,8640,1.24,10828.0,Mass Retail,Relationship Deepening
